Name,AA,batch,score
BAG4-FGFR1_1,BAG4-FGFR1,1,1
BAG4-FGFR1_2,BAG4-FGFR1,1,1
BAG4-FGFR1_3,BAG4-FGFR1,1,1
BAG4-FGFR1_1,BAG4-FGFR1,5,1
BAG4-FGFR1_2,BAG4-FGFR1,5,1
BAG4-FGFR1_3,BAG4-FGFR1,5,1
CUX1-FGFR1_1,CUX1-FGFR1,1,1
CUX1-FGFR1_2,CUX1-FGFR1,1,1
CUX1-FGFR1_3,CUX1-FGFR1,1,4
CUX1-FGFR1_1,CUX1-FGFR1,5,2
CUX1-FGFR1_2,CUX1-FGFR1,5,2
CUX1-FGFR1_3,CUX1-FGFR1,5,2
FGFR1_p.A121D_1,FGFR1_p.A121D,1,3
FGFR1_p.A121D_2,FGFR1_p.A121D,1,3
FGFR1_p.A121D_3,FGFR1_p.A121D,1,3
FGFR1_p.A121D_1,FGFR1_p.A121D,4,1
FGFR1_p.A121D_2,FGFR1_p.A121D,4,2
FGFR1_p.A121D_3,FGFR1_p.A121D,4,3
FGFR1_p.A121D_1,FGFR1_p.A121D,5,1
FGFR1_p.A121D_2,FGFR1_p.A121D,5,1
FGFR1_p.A121D_3,FGFR1_p.A121D,5,2
FGFR1_p.A121D_1,FGFR1_p.A121D,6,3
FGFR1_p.A121D_2,FGFR1_p.A121D,6,3
FGFR1_p.A121D_3,FGFR1_p.A121D,6,3
FGFR1_p.A121D_1,FGFR1_p.A121D,7,3
FGFR1_p.A121D_2,FGFR1_p.A121D,7,3
FGFR1_p.A121D_3,FGFR1_p.A121D,7,3
FGFR1_p.A21T_1,FGFR1_p.A21T,1,3
FGFR1_p.A21T_2,FGFR1_p.A21T,1,3
FGFR1_p.A21T_3,FGFR1_p.A21T,1,3
FGFR1_p.A21T_1,FGFR1_p.A21T,4,4
FGFR1_p.A21T_2,FGFR1_p.A21T,4,4
FGFR1_p.A21T_3,FGFR1_p.A21T,4,1
FGFR1_p.A21T_1,FGFR1_p.A21T,5,1
FGFR1_p.A21T_2,FGFR1_p.A21T,5,3
FGFR1_p.A21T_3,FGFR1_p.A21T,5,2
FGFR1_p.A21T_1,FGFR1_p.A21T,6,3
FGFR1_p.A21T_2,FGFR1_p.A21T,6,3
FGFR1_p.A21T_3,FGFR1_p.A21T,6,3
FGFR1_p.A21T_1,FGFR1_p.A21T,7,3
FGFR1_p.A21T_2,FGFR1_p.A21T,7,3
FGFR1_p.A21T_3,FGFR1_p.A21T,7,3
FGFR1_p.A268S_1,FGFR1_p.A268S,1,3
FGFR1_p.A268S_2,FGFR1_p.A268S,1,1
FGFR1_p.A268S_3,FGFR1_p.A268S,1,3
FGFR1_p.A268S_1,FGFR1_p.A268S,4,3
FGFR1_p.A268S_2,FGFR1_p.A268S,4,2
FGFR1_p.A268S_3,FGFR1_p.A268S,4,3
FGFR1_p.A268S_1,FGFR1_p.A268S,5,2
FGFR1_p.A268S_2,FGFR1_p.A268S,5,2
FGFR1_p.A268S_3,FGFR1_p.A268S,5,2
FGFR1_p.A268S_1,FGFR1_p.A268S,6,3
FGFR1_p.A268S_2,FGFR1_p.A268S,6,3
FGFR1_p.A268S_3,FGFR1_p.A268S,6,3
FGFR1_p.A268S_1,FGFR1_p.A268S,7,3
FGFR1_p.A268S_2,FGFR1_p.A268S,7,3
FGFR1_p.A268S_3,FGFR1_p.A268S,7,3
FGFR1_p.A604T_1,FGFR1_p.A604T,1,1
FGFR1_p.A604T_2,FGFR1_p.A604T,1,2
FGFR1_p.A604T_3,FGFR1_p.A604T,1,1
FGFR1_p.A604T_1,FGFR1_p.A604T,4,1
FGFR1_p.A604T_2,FGFR1_p.A604T,4,1
FGFR1_p.A604T_3,FGFR1_p.A604T,4,1
FGFR1_p.A604T_1,FGFR1_p.A604T,5,1
FGFR1_p.A604T_2,FGFR1_p.A604T,5,1
FGFR1_p.A604T_3,FGFR1_p.A604T,5,1
FGFR1_p.A604T_1,FGFR1_p.A604T,6,1
FGFR1_p.A604T_2,FGFR1_p.A604T,6,1
FGFR1_p.A604T_3,FGFR1_p.A604T,6,1
FGFR1_p.A604T_1,FGFR1_p.A604T,7,2
FGFR1_p.A604T_2,FGFR1_p.A604T,7,2
FGFR1_p.A604T_3,FGFR1_p.A604T,7,2
FGFR1_p.D128N_1,FGFR1_p.D128N,1,3
FGFR1_p.D128N_2,FGFR1_p.D128N,1,3
FGFR1_p.D128N_3,FGFR1_p.D128N,1,3
FGFR1_p.D128N_1,FGFR1_p.D128N,4,3
FGFR1_p.D128N_2,FGFR1_p.D128N,4,2
FGFR1_p.D128N_3,FGFR1_p.D128N,4,2
FGFR1_p.D128N_1,FGFR1_p.D128N,5,3
FGFR1_p.D128N_2,FGFR1_p.D128N,5,3
FGFR1_p.D128N_3,FGFR1_p.D128N,5,3
FGFR1_p.D128N_1,FGFR1_p.D128N,6,3
FGFR1_p.D128N_2,FGFR1_p.D128N,6,3
FGFR1_p.D128N_3,FGFR1_p.D128N,6,3
FGFR1_p.D128N_1,FGFR1_p.D128N,7,3
FGFR1_p.D128N_2,FGFR1_p.D128N,7,3
FGFR1_p.D128N_3,FGFR1_p.D128N,7,3
FGFR1_p.D128V_2,FGFR1_p.D128V,1,3
FGFR1_p.D128V_3,FGFR1_p.D128V,1,3
FGFR1_p.D128V_1,FGFR1_p.D128V,4,2
FGFR1_p.D128V_2,FGFR1_p.D128V,4,2
FGFR1_p.D128V_3,FGFR1_p.D128V,4,2
FGFR1_p.D128V_1,FGFR1_p.D128V,5,2
FGFR1_p.D128V_2,FGFR1_p.D128V,5,2
FGFR1_p.D128V_3,FGFR1_p.D128V,5,2
FGFR1_p.D128V_2,FGFR1_p.D128V,6,3
FGFR1_p.D128V_3,FGFR1_p.D128V,6,3
FGFR1_p.D128V_1,FGFR1_p.D128V,7,3
FGFR1_p.D128V_2,FGFR1_p.D128V,7,3
FGFR1_p.D128V_3,FGFR1_p.D128V,7,3
FGFR1_p.D133N_1,FGFR1_p.D133N,1,3
FGFR1_p.D133N_2,FGFR1_p.D133N,1,3
FGFR1_p.D133N_3,FGFR1_p.D133N,1,3
FGFR1_p.D133N_1,FGFR1_p.D133N,4,4
FGFR1_p.D133N_2,FGFR1_p.D133N,4,2
FGFR1_p.D133N_3,FGFR1_p.D133N,4,3
FGFR1_p.D133N_1,FGFR1_p.D133N,5,2
FGFR1_p.D133N_2,FGFR1_p.D133N,5,3
FGFR1_p.D133N_3,FGFR1_p.D133N,5,2
FGFR1_p.D133N_1,FGFR1_p.D133N,6,3
FGFR1_p.D133N_2,FGFR1_p.D133N,6,3
FGFR1_p.D133N_3,FGFR1_p.D133N,6,3
FGFR1_p.D133N_1,FGFR1_p.D133N,7,3
FGFR1_p.D133N_2,FGFR1_p.D133N,7,3
FGFR1_p.D133N_3,FGFR1_p.D133N,7,3
FGFR1_p.D320N_1,FGFR1_p.D320N,1,3
FGFR1_p.D320N_2,FGFR1_p.D320N,1,3
FGFR1_p.D320N_3,FGFR1_p.D320N,1,2
FGFR1_p.D320N_1,FGFR1_p.D320N,4,2
FGFR1_p.D320N_2,FGFR1_p.D320N,4,3
FGFR1_p.D320N_3,FGFR1_p.D320N,4,2
FGFR1_p.D320N_1,FGFR1_p.D320N,5,1
FGFR1_p.D320N_2,FGFR1_p.D320N,5,2
FGFR1_p.D320N_3,FGFR1_p.D320N,5,1
FGFR1_p.D320N_1,FGFR1_p.D320N,6,3
FGFR1_p.D320N_2,FGFR1_p.D320N,6,3
FGFR1_p.D320N_3,FGFR1_p.D320N,6,2
FGFR1_p.D320N_1,FGFR1_p.D320N,7,3
FGFR1_p.D320N_2,FGFR1_p.D320N,7,3
FGFR1_p.D320N_3,FGFR1_p.D320N,7,3
FGFR1_p.E467K_1,FGFR1_p.E467K,1,3
FGFR1_p.E467K_2,FGFR1_p.E467K,1,3
FGFR1_p.E467K_3,FGFR1_p.E467K,1,3
FGFR1_p.E467K_1,FGFR1_p.E467K,4,2
FGFR1_p.E467K_2,FGFR1_p.E467K,4,3
FGFR1_p.E467K_3,FGFR1_p.E467K,4,3
FGFR1_p.E467K_1,FGFR1_p.E467K,5,2
FGFR1_p.E467K_2,FGFR1_p.E467K,5,4
FGFR1_p.E467K_3,FGFR1_p.E467K,5,4
FGFR1_p.E467K_1,FGFR1_p.E467K,6,3
FGFR1_p.E467K_2,FGFR1_p.E467K,6,3
FGFR1_p.E467K_3,FGFR1_p.E467K,6,3
FGFR1_p.E467K_1,FGFR1_p.E467K,7,3
FGFR1_p.E467K_2,FGFR1_p.E467K,7,3
FGFR1_p.E467K_3,FGFR1_p.E467K,7,3
FGFR1_p.E592G_1,FGFR1_p.E592G,1,3
FGFR1_p.E592G_2,FGFR1_p.E592G,1,3
FGFR1_p.E592G_3,FGFR1_p.E592G,1,3
FGFR1_p.E592G_1,FGFR1_p.E592G,4,3
FGFR1_p.E592G_2,FGFR1_p.E592G,4,4
FGFR1_p.E592G_3,FGFR1_p.E592G,4,3
FGFR1_p.E592G_1,FGFR1_p.E592G,5,1
FGFR1_p.E592G_2,FGFR1_p.E592G,5,3
FGFR1_p.E592G_3,FGFR1_p.E592G,5,3
FGFR1_p.E592G_1,FGFR1_p.E592G,6,3
FGFR1_p.E592G_2,FGFR1_p.E592G,6,3
FGFR1_p.E592G_3,FGFR1_p.E592G,6,3
FGFR1_p.E592G_1,FGFR1_p.E592G,7,3
FGFR1_p.E592G_2,FGFR1_p.E592G,7,3
FGFR1_p.E592G_3,FGFR1_p.E592G,7,3
FGFR1_p.G703S_2,FGFR1_p.G703S,1,3
FGFR1_p.G703S_3,FGFR1_p.G703S,1,3
FGFR1_p.G703S_1,FGFR1_p.G703S,3,2
FGFR1_p.G703S_2,FGFR1_p.G703S,3,2
FGFR1_p.G703S_3,FGFR1_p.G703S,3,3
FGFR1_p.G703S_1,FGFR1_p.G703S,5,2
FGFR1_p.G703S_2,FGFR1_p.G703S,5,2
FGFR1_p.G703S_3,FGFR1_p.G703S,5,2
FGFR1_p.G703S_2,FGFR1_p.G703S,6,3
FGFR1_p.G703S_3,FGFR1_p.G703S,6,3
FGFR1_p.G703S_1,FGFR1_p.G703S,7,3
FGFR1_p.G703S_2,FGFR1_p.G703S,7,3
FGFR1_p.G703S_3,FGFR1_p.G703S,7,3
FGFR1_p.K656*_1,FGFR1_p.K656*,1,1
FGFR1_p.K656*_2,FGFR1_p.K656*,1,1
FGFR1_p.K656*_3,FGFR1_p.K656*,1,1
FGFR1_p.K656*_1,FGFR1_p.K656*,4,1
FGFR1_p.K656*_2,FGFR1_p.K656*,4,2
FGFR1_p.K656*_3,FGFR1_p.K656*,4,1
FGFR1_p.K656*_1,FGFR1_p.K656*,5,1
FGFR1_p.K656*_2,FGFR1_p.K656*,5,1
FGFR1_p.K656*_3,FGFR1_p.K656*,5,1
FGFR1_p.K656*_1,FGFR1_p.K656*,6,1
FGFR1_p.K656*_2,FGFR1_p.K656*,6,1
FGFR1_p.K656*_3,FGFR1_p.K656*,6,1
FGFR1_p.K656*_1,FGFR1_p.K656*,7,2
FGFR1_p.K656*_2,FGFR1_p.K656*,7,2
FGFR1_p.K656*_3,FGFR1_p.K656*,7,2
FGFR1_p.K656E_2,FGFR1_p.K656E,1,4
FGFR1_p.K656E_3,FGFR1_p.K656E,1,4
FGFR1_p.K656E_1,FGFR1_p.K656E,4,4
FGFR1_p.K656E_2,FGFR1_p.K656E,4,4
FGFR1_p.K656E_3,FGFR1_p.K656E,4,4
FGFR1_p.K656E_1,FGFR1_p.K656E,5,4
FGFR1_p.K656E_2,FGFR1_p.K656E,5,4
FGFR1_p.K656E_3,FGFR1_p.K656E,5,4
FGFR1_p.K656E_1,FGFR1_p.K656E,6,4
FGFR1_p.K656E_2,FGFR1_p.K656E,6,4
FGFR1_p.K656E_3,FGFR1_p.K656E,6,4
FGFR1_p.K656E_1,FGFR1_p.K656E,7,4
FGFR1_p.K656E_2,FGFR1_p.K656E,7,4
FGFR1_p.K656E_3,FGFR1_p.K656E,7,4
FGFR1_p.K656M_1,FGFR1_p.K656M,1,4
FGFR1_p.K656M_2,FGFR1_p.K656M,1,4
FGFR1_p.K656M_3,FGFR1_p.K656M,1,4
FGFR1_p.K656M_1,FGFR1_p.K656M,4,4
FGFR1_p.K656M_2,FGFR1_p.K656M,4,4
FGFR1_p.K656M_3,FGFR1_p.K656M,4,4
FGFR1_p.K656M_1,FGFR1_p.K656M,5,4
FGFR1_p.K656M_2,FGFR1_p.K656M,5,4
FGFR1_p.K656M_3,FGFR1_p.K656M,5,4
FGFR1_p.K656M_1,FGFR1_p.K656M,6,4
FGFR1_p.K656M_2,FGFR1_p.K656M,6,4
FGFR1_p.K656M_3,FGFR1_p.K656M,6,4
FGFR1_p.K656M_1,FGFR1_p.K656M,7,4
FGFR1_p.K656M_2,FGFR1_p.K656M,7,4
FGFR1_p.K656M_3,FGFR1_p.K656M,7,4
FGFR1_p.M456V_1,FGFR1_p.M456V,1,3
FGFR1_p.M456V_2,FGFR1_p.M456V,1,3
FGFR1_p.M456V_3,FGFR1_p.M456V,1,3
FGFR1_p.M456V_1,FGFR1_p.M456V,4,3
FGFR1_p.M456V_2,FGFR1_p.M456V,4,3
FGFR1_p.M456V_3,FGFR1_p.M456V,4,4
FGFR1_p.M456V_1,FGFR1_p.M456V,5,1
FGFR1_p.M456V_2,FGFR1_p.M456V,5,1
FGFR1_p.M456V_3,FGFR1_p.M456V,5,2
FGFR1_p.M456V_1,FGFR1_p.M456V,6,3
FGFR1_p.M456V_2,FGFR1_p.M456V,6,3
FGFR1_p.M456V_3,FGFR1_p.M456V,6,3
FGFR1_p.M456V_1,FGFR1_p.M456V,7,3
FGFR1_p.M456V_2,FGFR1_p.M456V,7,3
FGFR1_p.M456V_3,FGFR1_p.M456V,7,3
FGFR1_p.N193fs*8_1,FGFR1_p.N193fs*8,4,1
FGFR1_p.N193fs*8_2,FGFR1_p.N193fs*8,4,1
FGFR1_p.N193fs*8_3,FGFR1_p.N193fs*8,4,1
FGFR1_p.N193fs*8_1,FGFR1_p.N193fs*8,5,1
FGFR1_p.N193fs*8_2,FGFR1_p.N193fs*8,5,1
FGFR1_p.N193fs*8_3,FGFR1_p.N193fs*8,5,1
FGFR1_p.N193fs*8_1,FGFR1_p.N193fs*8,6,1
FGFR1_p.N193fs*8_2,FGFR1_p.N193fs*8,6,1
FGFR1_p.N193fs*8_3,FGFR1_p.N193fs*8,6,1
FGFR1_p.N193fs*8_1,FGFR1_p.N193fs*8,7,2
FGFR1_p.N193fs*8_2,FGFR1_p.N193fs*8,7,2
FGFR1_p.N193fs*8_3,FGFR1_p.N193fs*8,7,2
FGFR1_p.N546K_1,FGFR1_p.N546K,1,4
FGFR1_p.N546K_2,FGFR1_p.N546K,1,4
FGFR1_p.N546K_3,FGFR1_p.N546K,1,4
FGFR1_p.N546K_1,FGFR1_p.N546K,4,4
FGFR1_p.N546K_2,FGFR1_p.N546K,4,4
FGFR1_p.N546K_3,FGFR1_p.N546K,4,4
FGFR1_p.N546K_1,FGFR1_p.N546K,5,4
FGFR1_p.N546K_2,FGFR1_p.N546K,5,4
FGFR1_p.N546K_3,FGFR1_p.N546K,5,4
FGFR1_p.N546K_1,FGFR1_p.N546K,6,4
FGFR1_p.N546K_2,FGFR1_p.N546K,6,4
FGFR1_p.N546K_3,FGFR1_p.N546K,6,4
FGFR1_p.N546K_1,FGFR1_p.N546K,7,4
FGFR1_p.N546K_2,FGFR1_p.N546K,7,4
FGFR1_p.N546K_3,FGFR1_p.N546K,7,4
FGFR1_p.P150S_1,FGFR1_p.P150S,1,3
FGFR1_p.P150S_3,FGFR1_p.P150S,1,3
FGFR1_p.P150S_1,FGFR1_p.P150S,4,2
FGFR1_p.P150S_2,FGFR1_p.P150S,4,1
FGFR1_p.P150S_3,FGFR1_p.P150S,4,2
FGFR1_p.P150S_1,FGFR1_p.P150S,5,1
FGFR1_p.P150S_2,FGFR1_p.P150S,5,4
FGFR1_p.P150S_3,FGFR1_p.P150S,5,1
FGFR1_p.P150S_1,FGFR1_p.P150S,6,3
FGFR1_p.P150S_3,FGFR1_p.P150S,6,3
FGFR1_p.P150S_1,FGFR1_p.P150S,7,3
FGFR1_p.P150S_2,FGFR1_p.P150S,7,3
FGFR1_p.P150S_3,FGFR1_p.P150S,7,3
FGFR1_p.P483L_1,FGFR1_p.P483L,1,3
FGFR1_p.P483L_2,FGFR1_p.P483L,1,3
FGFR1_p.P483L_3,FGFR1_p.P483L,1,3
FGFR1_p.P483L_1,FGFR1_p.P483L,4,2
FGFR1_p.P483L_2,FGFR1_p.P483L,4,4
FGFR1_p.P483L_3,FGFR1_p.P483L,4,3
FGFR1_p.P483L_1,FGFR1_p.P483L,5,4
FGFR1_p.P483L_2,FGFR1_p.P483L,5,1
FGFR1_p.P483L_3,FGFR1_p.P483L,5,2
FGFR1_p.P483L_1,FGFR1_p.P483L,6,3
FGFR1_p.P483L_2,FGFR1_p.P483L,6,3
FGFR1_p.P483L_3,FGFR1_p.P483L,6,3
FGFR1_p.P483L_1,FGFR1_p.P483L,7,3
FGFR1_p.P483L_2,FGFR1_p.P483L,7,3
FGFR1_p.P483L_3,FGFR1_p.P483L,7,3
FGFR1_p.R189C_1,FGFR1_p.R189C,1,3
FGFR1_p.R189C_2,FGFR1_p.R189C,1,3
FGFR1_p.R189C_3,FGFR1_p.R189C,1,3
FGFR1_p.R189C_1,FGFR1_p.R189C,4,3
FGFR1_p.R189C_2,FGFR1_p.R189C,4,3
FGFR1_p.R189C_3,FGFR1_p.R189C,4,3
FGFR1_p.R189C_1,FGFR1_p.R189C,5,2
FGFR1_p.R189C_2,FGFR1_p.R189C,5,2
FGFR1_p.R189C_3,FGFR1_p.R189C,5,3
FGFR1_p.R189C_1,FGFR1_p.R189C,6,3
FGFR1_p.R189C_2,FGFR1_p.R189C,6,3
FGFR1_p.R189C_3,FGFR1_p.R189C,6,2
FGFR1_p.R189C_1,FGFR1_p.R189C,7,3
FGFR1_p.R189C_2,FGFR1_p.R189C,7,3
FGFR1_p.R189C_3,FGFR1_p.R189C,7,3
FGFR1_p.R250W_2,FGFR1_p.R250W,1,3
FGFR1_p.R250W_3,FGFR1_p.R250W,1,3
FGFR1_p.R250W_1,FGFR1_p.R250W,4,2
FGFR1_p.R250W_2,FGFR1_p.R250W,4,3
FGFR1_p.R250W_3,FGFR1_p.R250W,4,4
FGFR1_p.R250W_1,FGFR1_p.R250W,5,2
FGFR1_p.R250W_2,FGFR1_p.R250W,5,2
FGFR1_p.R250W_3,FGFR1_p.R250W,5,2
FGFR1_p.R250W_1,FGFR1_p.R250W,6,1
FGFR1_p.R250W_2,FGFR1_p.R250W,6,3
FGFR1_p.R250W_3,FGFR1_p.R250W,6,3
FGFR1_p.R250W_1,FGFR1_p.R250W,7,3
FGFR1_p.R250W_2,FGFR1_p.R250W,7,3
FGFR1_p.R250W_3,FGFR1_p.R250W,7,3
FGFR1_p.R445W_1,FGFR1_p.R445W,1,3
FGFR1_p.R445W_2,FGFR1_p.R445W,1,3
FGFR1_p.R445W_3,FGFR1_p.R445W,1,1
FGFR1_p.R445W_1,FGFR1_p.R445W,4,4
FGFR1_p.R445W_2,FGFR1_p.R445W,4,3
FGFR1_p.R445W_3,FGFR1_p.R445W,4,1
FGFR1_p.R445W_1,FGFR1_p.R445W,5,4
FGFR1_p.R445W_2,FGFR1_p.R445W,5,4
FGFR1_p.R445W_3,FGFR1_p.R445W,5,1
FGFR1_p.R445W_1,FGFR1_p.R445W,6,3
FGFR1_p.R445W_2,FGFR1_p.R445W,6,3
FGFR1_p.R445W_3,FGFR1_p.R445W,6,1
FGFR1_p.R445W_1,FGFR1_p.R445W,7,3
FGFR1_p.R445W_2,FGFR1_p.R445W,7,3
FGFR1_p.R445W_3,FGFR1_p.R445W,7,3
FGFR1_p.R475Q_1,FGFR1_p.R475Q,1,3
FGFR1_p.R475Q_2,FGFR1_p.R475Q,1,3
FGFR1_p.R475Q_3,FGFR1_p.R475Q,1,3
FGFR1_p.R475Q_1,FGFR1_p.R475Q,4,2
FGFR1_p.R475Q_2,FGFR1_p.R475Q,4,3
FGFR1_p.R475Q_3,FGFR1_p.R475Q,4,2
FGFR1_p.R475Q_1,FGFR1_p.R475Q,5,1
FGFR1_p.R475Q_2,FGFR1_p.R475Q,5,1
FGFR1_p.R475Q_3,FGFR1_p.R475Q,5,2
FGFR1_p.R475Q_1,FGFR1_p.R475Q,6,2
FGFR1_p.R475Q_2,FGFR1_p.R475Q,6,3
FGFR1_p.R475Q_3,FGFR1_p.R475Q,6,3
FGFR1_p.R475Q_1,FGFR1_p.R475Q,7,3
FGFR1_p.R475Q_2,FGFR1_p.R475Q,7,3
FGFR1_p.R475Q_3,FGFR1_p.R475Q,7,3
FGFR1_p.R646W_1,FGFR1_p.R646W,1,1
FGFR1_p.R646W_2,FGFR1_p.R646W,1,1
FGFR1_p.R646W_3,FGFR1_p.R646W,1,1
FGFR1_p.R646W_1,FGFR1_p.R646W,4,1
FGFR1_p.R646W_2,FGFR1_p.R646W,4,1
FGFR1_p.R646W_3,FGFR1_p.R646W,4,1
FGFR1_p.R646W_1,FGFR1_p.R646W,5,1
FGFR1_p.R646W_2,FGFR1_p.R646W,5,1
FGFR1_p.R646W_3,FGFR1_p.R646W,5,2
FGFR1_p.R646W_1,FGFR1_p.R646W,6,1
FGFR1_p.R646W_2,FGFR1_p.R646W,6,1
FGFR1_p.R646W_3,FGFR1_p.R646W,6,1
FGFR1_p.R646W_1,FGFR1_p.R646W,7,2
FGFR1_p.R646W_2,FGFR1_p.R646W,7,2
FGFR1_p.R646W_3,FGFR1_p.R646W,7,2
FGFR1_p.R809Q_2,FGFR1_p.R809Q,1,3
FGFR1_p.R809Q_3,FGFR1_p.R809Q,1,3
FGFR1_p.R809Q_1,FGFR1_p.R809Q,3,1
FGFR1_p.R809Q_2,FGFR1_p.R809Q,3,3
FGFR1_p.R809Q_3,FGFR1_p.R809Q,3,3
FGFR1_p.R809Q_1,FGFR1_p.R809Q,5,2
FGFR1_p.R809Q_2,FGFR1_p.R809Q,5,4
FGFR1_p.R809Q_3,FGFR1_p.R809Q,5,2
FGFR1_p.R809Q_1,FGFR1_p.R809Q,6,1
FGFR1_p.R809Q_2,FGFR1_p.R809Q,6,3
FGFR1_p.R809Q_3,FGFR1_p.R809Q,6,3
FGFR1_p.R809Q_1,FGFR1_p.R809Q,7,3
FGFR1_p.R809Q_2,FGFR1_p.R809Q,7,3
FGFR1_p.R809Q_3,FGFR1_p.R809Q,7,3
FGFR1_p.S125L_1,FGFR1_p.S125L,1,3
FGFR1_p.S125L_2,FGFR1_p.S125L,1,3
FGFR1_p.S125L_3,FGFR1_p.S125L,1,3
FGFR1_p.S125L_1,FGFR1_p.S125L,4,2
FGFR1_p.S125L_2,FGFR1_p.S125L,4,3
FGFR1_p.S125L_3,FGFR1_p.S125L,4,4
FGFR1_p.S125L_1,FGFR1_p.S125L,5,1
FGFR1_p.S125L_2,FGFR1_p.S125L,5,2
FGFR1_p.S125L_3,FGFR1_p.S125L,5,2
FGFR1_p.S125L_1,FGFR1_p.S125L,6,3
FGFR1_p.S125L_2,FGFR1_p.S125L,6,3
FGFR1_p.S125L_3,FGFR1_p.S125L,6,3
FGFR1_p.S125L_1,FGFR1_p.S125L,7,3
FGFR1_p.S125L_2,FGFR1_p.S125L,7,3
FGFR1_p.S125L_3,FGFR1_p.S125L,7,3
FGFR1_p.S238N_1,FGFR1_p.S238N,1,1
FGFR1_p.S238N_2,FGFR1_p.S238N,1,1
FGFR1_p.S238N_3,FGFR1_p.S238N,1,1
FGFR1_p.S238N_1,FGFR1_p.S238N,4,1
FGFR1_p.S238N_2,FGFR1_p.S238N,4,2
FGFR1_p.S238N_3,FGFR1_p.S238N,4,2
FGFR1_p.S238N_1,FGFR1_p.S238N,5,2
FGFR1_p.S238N_2,FGFR1_p.S238N,5,2
FGFR1_p.S238N_3,FGFR1_p.S238N,5,2
FGFR1_p.S238N_1,FGFR1_p.S238N,6,2
FGFR1_p.S238N_2,FGFR1_p.S238N,6,2
FGFR1_p.S238N_3,FGFR1_p.S238N,6,3
FGFR1_p.S238N_1,FGFR1_p.S238N,7,3
FGFR1_p.S238N_2,FGFR1_p.S238N,7,3
FGFR1_p.S238N_3,FGFR1_p.S238N,7,3
FGFR1_p.S436F_1,FGFR1_p.S436F,1,2
FGFR1_p.S436F_2,FGFR1_p.S436F,1,3
FGFR1_p.S436F_3,FGFR1_p.S436F,1,3
FGFR1_p.S436F_1,FGFR1_p.S436F,4,1
FGFR1_p.S436F_2,FGFR1_p.S436F,4,2
FGFR1_p.S436F_3,FGFR1_p.S436F,4,1
FGFR1_p.S436F_1,FGFR1_p.S436F,5,1
FGFR1_p.S436F_2,FGFR1_p.S436F,5,2
FGFR1_p.S436F_3,FGFR1_p.S436F,5,2
FGFR1_p.S436F_1,FGFR1_p.S436F,6,1
FGFR1_p.S436F_2,FGFR1_p.S436F,6,3
FGFR1_p.S436F_3,FGFR1_p.S436F,6,3
FGFR1_p.S436F_1,FGFR1_p.S436F,7,3
FGFR1_p.S436F_2,FGFR1_p.S436F,7,3
FGFR1_p.S436F_3,FGFR1_p.S436F,7,3
FGFR1_p.S588T_1,FGFR1_p.S588T,1,3
FGFR1_p.S588T_2,FGFR1_p.S588T,1,3
FGFR1_p.S588T_3,FGFR1_p.S588T,1,3
FGFR1_p.S588T_1,FGFR1_p.S588T,4,4
FGFR1_p.S588T_2,FGFR1_p.S588T,4,3
FGFR1_p.S588T_3,FGFR1_p.S588T,4,3
FGFR1_p.S588T_1,FGFR1_p.S588T,5,2
FGFR1_p.S588T_2,FGFR1_p.S588T,5,1
FGFR1_p.S588T_3,FGFR1_p.S588T,5,2
FGFR1_p.S588T_1,FGFR1_p.S588T,6,3
FGFR1_p.S588T_2,FGFR1_p.S588T,6,3
FGFR1_p.S588T_3,FGFR1_p.S588T,6,3
FGFR1_p.S588T_1,FGFR1_p.S588T,7,3
FGFR1_p.S588T_2,FGFR1_p.S588T,7,3
FGFR1_p.S588T_3,FGFR1_p.S588T,7,3
FGFR1_p.T141R_1,FGFR1_p.T141R,1,3
FGFR1_p.T141R_2,FGFR1_p.T141R,1,3
FGFR1_p.T141R_3,FGFR1_p.T141R,1,3
FGFR1_p.T141R_1,FGFR1_p.T141R,4,3
FGFR1_p.T141R_2,FGFR1_p.T141R,4,2
FGFR1_p.T141R_3,FGFR1_p.T141R,4,2
FGFR1_p.T141R_1,FGFR1_p.T141R,5,2
FGFR1_p.T141R_2,FGFR1_p.T141R,5,4
FGFR1_p.T141R_3,FGFR1_p.T141R,5,1
FGFR1_p.T141R_1,FGFR1_p.T141R,6,3
FGFR1_p.T141R_2,FGFR1_p.T141R,6,3
FGFR1_p.T141R_3,FGFR1_p.T141R,6,3
FGFR1_p.T141R_1,FGFR1_p.T141R,7,3
FGFR1_p.T141R_2,FGFR1_p.T141R,7,3
FGFR1_p.T141R_3,FGFR1_p.T141R,7,3
FGFR1_p.T26I_1,FGFR1_p.T26I,1,3
FGFR1_p.T26I_2,FGFR1_p.T26I,1,3
FGFR1_p.T26I_3,FGFR1_p.T26I,1,3
FGFR1_p.T26I_1,FGFR1_p.T26I,4,2
FGFR1_p.T26I_2,FGFR1_p.T26I,4,2
FGFR1_p.T26I_3,FGFR1_p.T26I,4,1
FGFR1_p.T26I_1,FGFR1_p.T26I,5,3
FGFR1_p.T26I_2,FGFR1_p.T26I,5,2
FGFR1_p.T26I_3,FGFR1_p.T26I,5,2
FGFR1_p.T26I_1,FGFR1_p.T26I,6,4
FGFR1_p.T26I_2,FGFR1_p.T26I,6,3
FGFR1_p.T26I_3,FGFR1_p.T26I,6,3
FGFR1_p.T26I_1,FGFR1_p.T26I,7,3
FGFR1_p.T26I_2,FGFR1_p.T26I,7,1
FGFR1_p.T26I_3,FGFR1_p.T26I,7,3
FGFR1_p.T319A_2,FGFR1_p.T319A,1,3
FGFR1_p.T319A_3,FGFR1_p.T319A,1,3
FGFR1_p.T319A_1,FGFR1_p.T319A,4,2
FGFR1_p.T319A_2,FGFR1_p.T319A,4,3
FGFR1_p.T319A_3,FGFR1_p.T319A,4,1
FGFR1_p.T319A_1,FGFR1_p.T319A,5,1
FGFR1_p.T319A_2,FGFR1_p.T319A,5,2
FGFR1_p.T319A_3,FGFR1_p.T319A,5,1
FGFR1_p.T319A_1,FGFR1_p.T319A,6,1
FGFR1_p.T319A_2,FGFR1_p.T319A,6,3
FGFR1_p.T319A_3,FGFR1_p.T319A,6,2
FGFR1_p.T319A_1,FGFR1_p.T319A,7,3
FGFR1_p.T319A_2,FGFR1_p.T319A,7,3
FGFR1_p.T319A_3,FGFR1_p.T319A,7,3
FGFR1_p.T340M_1,FGFR1_p.T340M,1,3
FGFR1_p.T340M_2,FGFR1_p.T340M,1,3
FGFR1_p.T340M_3,FGFR1_p.T340M,1,3
FGFR1_p.T340M_1,FGFR1_p.T340M,4,3
FGFR1_p.T340M_2,FGFR1_p.T340M,4,3
FGFR1_p.T340M_3,FGFR1_p.T340M,4,3
FGFR1_p.T340M_1,FGFR1_p.T340M,5,1
FGFR1_p.T340M_2,FGFR1_p.T340M,5,2
FGFR1_p.T340M_3,FGFR1_p.T340M,5,2
FGFR1_p.T340M_1,FGFR1_p.T340M,6,3
FGFR1_p.T340M_2,FGFR1_p.T340M,6,3
FGFR1_p.T340M_3,FGFR1_p.T340M,6,3
FGFR1_p.T340M_1,FGFR1_p.T340M,7,3
FGFR1_p.T340M_2,FGFR1_p.T340M,7,3
FGFR1_p.T340M_3,FGFR1_p.T340M,7,3
FGFR1_p.V664L_1,FGFR1_p.V664L,1,1
FGFR1_p.V664L_2,FGFR1_p.V664L,1,1
FGFR1_p.V664L_3,FGFR1_p.V664L,1,1
FGFR1_p.V664L_1,FGFR1_p.V664L,3,1
FGFR1_p.V664L_2,FGFR1_p.V664L,3,1
FGFR1_p.V664L_3,FGFR1_p.V664L,3,1
FGFR1_p.V664L_1,FGFR1_p.V664L,5,1
FGFR1_p.V664L_2,FGFR1_p.V664L,5,2
FGFR1_p.V664L_3,FGFR1_p.V664L,5,2
FGFR1_p.V664L_1,FGFR1_p.V664L,6,1
FGFR1_p.V664L_2,FGFR1_p.V664L,6,1
FGFR1_p.V664L_3,FGFR1_p.V664L,6,1
FGFR1_p.V664L_1,FGFR1_p.V664L,7,1
FGFR1_p.V664L_2,FGFR1_p.V664L,7,1
FGFR1_p.V664L_3,FGFR1_p.V664L,7,1
FGFR1_p.V751A_1,FGFR1_p.V751A,1,1
FGFR1_p.V751A_2,FGFR1_p.V751A,1,1
FGFR1_p.V751A_3,FGFR1_p.V751A,1,3
FGFR1_p.V751A_1,FGFR1_p.V751A,3,2
FGFR1_p.V751A_2,FGFR1_p.V751A,3,3
FGFR1_p.V751A_3,FGFR1_p.V751A,3,3
FGFR1_p.V751A_1,FGFR1_p.V751A,5,2
FGFR1_p.V751A_2,FGFR1_p.V751A,5,3
FGFR1_p.V751A_3,FGFR1_p.V751A,5,3
FGFR1_p.V751A_1,FGFR1_p.V751A,6,1
FGFR1_p.V751A_2,FGFR1_p.V751A,6,1
FGFR1_p.V751A_3,FGFR1_p.V751A,6,3
FGFR1_p.V751A_1,FGFR1_p.V751A,7,3
FGFR1_p.V751A_2,FGFR1_p.V751A,7,3
FGFR1_p.V751A_3,FGFR1_p.V751A,7,3
FGFR1_WT_1,FGFR1_WT,1,3
FGFR1_WT_2,FGFR1_WT,1,3
FGFR1_WT_3,FGFR1_WT,1,3
FGFR1_WT_1,FGFR1_WT,4,3
FGFR1_WT_2,FGFR1_WT,4,2
FGFR1_WT_3,FGFR1_WT,4,3
FGFR1_WT_1,FGFR1_WT,5,2
FGFR1_WT_2,FGFR1_WT,5,2
FGFR1_WT_3,FGFR1_WT,5,2
FGFR1_WT_1,FGFR1_WT,6,3
FGFR1_WT_2,FGFR1_WT,6,3
FGFR1_WT_3,FGFR1_WT,6,3
FGFR1_WT_1,FGFR1_WT,7,3
FGFR1_WT_2,FGFR1_WT,7,3
FGFR1_WT_3,FGFR1_WT,7,3
FGFR1-TACC1_1,FGFR1-TACC1,1,4
FGFR1-TACC1_2,FGFR1-TACC1,1,4
FGFR1-TACC1_3,FGFR1-TACC1,1,4
FGFR1-TACC1_1,FGFR1-TACC1,5,4
FGFR1-TACC1_2,FGFR1-TACC1,5,4
FGFR1-TACC1_3,FGFR1-TACC1,5,4
FGFR2_p.A264T_1,FGFR2_p.A264T,1,3
FGFR2_p.A264T_2,FGFR2_p.A264T,1,3
FGFR2_p.A264T_3,FGFR2_p.A264T,1,3
FGFR2_p.A264T_1,FGFR2_p.A264T,2,4
FGFR2_p.A264T_2,FGFR2_p.A264T,2,4
FGFR2_p.A264T_3,FGFR2_p.A264T,2,4
FGFR2_p.A264T_1,FGFR2_p.A264T,3,4
FGFR2_p.A264T_2,FGFR2_p.A264T,3,4
FGFR2_p.A264T_3,FGFR2_p.A264T,3,4
FGFR2_p.A264T_1,FGFR2_p.A264T,4,4
FGFR2_p.A264T_2,FGFR2_p.A264T,4,4
FGFR2_p.A264T_3,FGFR2_p.A264T,4,3
FGFR2_p.A264T_1,FGFR2_p.A264T,6,4
FGFR2_p.A264T_2,FGFR2_p.A264T,6,4
FGFR2_p.A264T_3,FGFR2_p.A264T,6,4
FGFR2_p.A264T_1,FGFR2_p.A264T,7,3
FGFR2_p.A264T_2,FGFR2_p.A264T,7,3
FGFR2_p.A264T_3,FGFR2_p.A264T,7,3
FGFR2_p.A264T_1,FGFR2_p.A264T,8,2
FGFR2_p.A264T_3,FGFR2_p.A264T,8,3
FGFR2_p.A371V_1,FGFR2_p.A371V,1,3
FGFR2_p.A371V_2,FGFR2_p.A371V,1,3
FGFR2_p.A371V_3,FGFR2_p.A371V,1,3
FGFR2_p.A371V_1,FGFR2_p.A371V,2,1
FGFR2_p.A371V_2,FGFR2_p.A371V,2,2
FGFR2_p.A371V_3,FGFR2_p.A371V,2,2
FGFR2_p.A371V_1,FGFR2_p.A371V,3,2
FGFR2_p.A371V_2,FGFR2_p.A371V,3,4
FGFR2_p.A371V_3,FGFR2_p.A371V,3,4
FGFR2_p.A371V_1,FGFR2_p.A371V,4,1
FGFR2_p.A371V_2,FGFR2_p.A371V,4,1
FGFR2_p.A371V_3,FGFR2_p.A371V,4,1
FGFR2_p.A371V_1,FGFR2_p.A371V,6,2
FGFR2_p.A371V_2,FGFR2_p.A371V,6,4
FGFR2_p.A371V_3,FGFR2_p.A371V,6,4
FGFR2_p.A371V_1,FGFR2_p.A371V,7,3
FGFR2_p.A371V_2,FGFR2_p.A371V,7,3
FGFR2_p.A371V_3,FGFR2_p.A371V,7,3
FGFR2_p.A371V_1,FGFR2_p.A371V,8,2
FGFR2_p.A371V_3,FGFR2_p.A371V,8,3
FGFR2_p.A389T_1,FGFR2_p.A389T,1,3
FGFR2_p.A389T_2,FGFR2_p.A389T,1,3
FGFR2_p.A389T_3,FGFR2_p.A389T,1,3
FGFR2_p.A389T_1,FGFR2_p.A389T,2,4
FGFR2_p.A389T_2,FGFR2_p.A389T,2,4
FGFR2_p.A389T_3,FGFR2_p.A389T,2,4
FGFR2_p.A389T_1,FGFR2_p.A389T,4,4
FGFR2_p.A389T_2,FGFR2_p.A389T,4,4
FGFR2_p.A389T_1,FGFR2_p.A389T,6,4
FGFR2_p.A389T_2,FGFR2_p.A389T,6,4
FGFR2_p.A389T_3,FGFR2_p.A389T,6,4
FGFR2_p.A389T_1,FGFR2_p.A389T,7,3
FGFR2_p.A389T_2,FGFR2_p.A389T,7,3
FGFR2_p.A389T_3,FGFR2_p.A389T,7,3
FGFR2_p.A648T_1,FGFR2_p.A648T,1,1
FGFR2_p.A648T_2,FGFR2_p.A648T,1,1
FGFR2_p.A648T_3,FGFR2_p.A648T,1,1
FGFR2_p.A648T_1,FGFR2_p.A648T,2,1
FGFR2_p.A648T_2,FGFR2_p.A648T,2,1
FGFR2_p.A648T_3,FGFR2_p.A648T,2,1
FGFR2_p.A648T_1,FGFR2_p.A648T,4,1
FGFR2_p.A648T_2,FGFR2_p.A648T,4,1
FGFR2_p.A648T_3,FGFR2_p.A648T,4,1
FGFR2_p.A648T_1,FGFR2_p.A648T,6,1
FGFR2_p.A648T_2,FGFR2_p.A648T,6,1
FGFR2_p.A648T_3,FGFR2_p.A648T,6,1
FGFR2_p.A648T_1,FGFR2_p.A648T,7,2
FGFR2_p.A648T_2,FGFR2_p.A648T,7,2
FGFR2_p.A648T_3,FGFR2_p.A648T,7,2
FGFR2_p.A67V_1,FGFR2_p.A67V,1,3
FGFR2_p.A67V_2,FGFR2_p.A67V,1,3
FGFR2_p.A67V_3,FGFR2_p.A67V,1,3
FGFR2_p.A67V_1,FGFR2_p.A67V,2,4
FGFR2_p.A67V_2,FGFR2_p.A67V,2,4
FGFR2_p.A67V_3,FGFR2_p.A67V,2,4
FGFR2_p.A67V_1,FGFR2_p.A67V,3,4
FGFR2_p.A67V_2,FGFR2_p.A67V,3,4
FGFR2_p.A67V_3,FGFR2_p.A67V,3,4
FGFR2_p.A67V_1,FGFR2_p.A67V,4,4
FGFR2_p.A67V_2,FGFR2_p.A67V,4,4
FGFR2_p.A67V_3,FGFR2_p.A67V,4,2
FGFR2_p.A67V_1,FGFR2_p.A67V,6,4
FGFR2_p.A67V_2,FGFR2_p.A67V,6,4
FGFR2_p.A67V_3,FGFR2_p.A67V,6,4
FGFR2_p.A67V_1,FGFR2_p.A67V,7,3
FGFR2_p.A67V_2,FGFR2_p.A67V,7,3
FGFR2_p.A67V_3,FGFR2_p.A67V,7,3
FGFR2_p.A67V_1,FGFR2_p.A67V,8,3
FGFR2_p.A67V_2,FGFR2_p.A67V,8,3
FGFR2_p.A67V_3,FGFR2_p.A67V,8,3
FGFR2_p.C382R_1,FGFR2_p.C382R,1,3
FGFR2_p.C382R_2,FGFR2_p.C382R,1,3
FGFR2_p.C382R_3,FGFR2_p.C382R,1,3
FGFR2_p.C382R_1,FGFR2_p.C382R,2,4
FGFR2_p.C382R_2,FGFR2_p.C382R,2,4
FGFR2_p.C382R_3,FGFR2_p.C382R,2,4
FGFR2_p.C382R_1,FGFR2_p.C382R,3,4
FGFR2_p.C382R_2,FGFR2_p.C382R,3,4
FGFR2_p.C382R_3,FGFR2_p.C382R,3,4
FGFR2_p.C382R_1,FGFR2_p.C382R,4,4
FGFR2_p.C382R_2,FGFR2_p.C382R,4,4
FGFR2_p.C382R_3,FGFR2_p.C382R,4,4
FGFR2_p.C382R_1,FGFR2_p.C382R,6,4
FGFR2_p.C382R_2,FGFR2_p.C382R,6,4
FGFR2_p.C382R_3,FGFR2_p.C382R,6,4
FGFR2_p.C382R_1,FGFR2_p.C382R,7,3
FGFR2_p.C382R_2,FGFR2_p.C382R,7,3
FGFR2_p.C382R_3,FGFR2_p.C382R,7,3
FGFR2_p.C382R_1,FGFR2_p.C382R,8,3
FGFR2_p.C382R_3,FGFR2_p.C382R,8,3
FGFR2_p.C62Y_1,FGFR2_p.C62Y,1,3
FGFR2_p.C62Y_2,FGFR2_p.C62Y,1,3
FGFR2_p.C62Y_3,FGFR2_p.C62Y,1,3
FGFR2_p.C62Y_1,FGFR2_p.C62Y,2,4
FGFR2_p.C62Y_2,FGFR2_p.C62Y,2,4
FGFR2_p.C62Y_3,FGFR2_p.C62Y,2,4
FGFR2_p.C62Y_1,FGFR2_p.C62Y,3,4
FGFR2_p.C62Y_2,FGFR2_p.C62Y,3,4
FGFR2_p.C62Y_3,FGFR2_p.C62Y,3,4
FGFR2_p.C62Y_1,FGFR2_p.C62Y,4,4
FGFR2_p.C62Y_2,FGFR2_p.C62Y,4,4
FGFR2_p.C62Y_3,FGFR2_p.C62Y,4,4
FGFR2_p.C62Y_1,FGFR2_p.C62Y,6,4
FGFR2_p.C62Y_2,FGFR2_p.C62Y,6,4
FGFR2_p.C62Y_3,FGFR2_p.C62Y,6,4
FGFR2_p.C62Y_1,FGFR2_p.C62Y,7,3
FGFR2_p.C62Y_2,FGFR2_p.C62Y,7,3
FGFR2_p.C62Y_3,FGFR2_p.C62Y,7,3
FGFR2_p.C62Y_1,FGFR2_p.C62Y,8,3
FGFR2_p.C62Y_2,FGFR2_p.C62Y,8,3
FGFR2_p.C62Y_3,FGFR2_p.C62Y,8,3
FGFR2_p.D101Y_1,FGFR2_p.D101Y,1,3
FGFR2_p.D101Y_3,FGFR2_p.D101Y,1,3
FGFR2_p.D101Y_1,FGFR2_p.D101Y,2,2
FGFR2_p.D101Y_3,FGFR2_p.D101Y,2,4
FGFR2_p.D101Y_1,FGFR2_p.D101Y,3,4
FGFR2_p.D101Y_3,FGFR2_p.D101Y,3,4
FGFR2_p.D101Y_1,FGFR2_p.D101Y,4,4
FGFR2_p.D101Y_3,FGFR2_p.D101Y,4,4
FGFR2_p.D101Y_1,FGFR2_p.D101Y,6,4
FGFR2_p.D101Y_3,FGFR2_p.D101Y,6,4
FGFR2_p.D101Y_1,FGFR2_p.D101Y,7,3
FGFR2_p.D101Y_3,FGFR2_p.D101Y,7,3
FGFR2_p.D101Y_1,FGFR2_p.D101Y,8,3
FGFR2_p.D101Y_3,FGFR2_p.D101Y,8,3
FGFR2_p.D471N_1,FGFR2_p.D471N,1,3
FGFR2_p.D471N_2,FGFR2_p.D471N,1,3
FGFR2_p.D471N_3,FGFR2_p.D471N,1,3
FGFR2_p.D471N_1,FGFR2_p.D471N,2,4
FGFR2_p.D471N_2,FGFR2_p.D471N,2,4
FGFR2_p.D471N_3,FGFR2_p.D471N,2,4
FGFR2_p.D471N_1,FGFR2_p.D471N,4,1
FGFR2_p.D471N_2,FGFR2_p.D471N,4,1
FGFR2_p.D471N_3,FGFR2_p.D471N,4,1
FGFR2_p.D471N_1,FGFR2_p.D471N,6,2
FGFR2_p.D471N_2,FGFR2_p.D471N,6,2
FGFR2_p.D471N_3,FGFR2_p.D471N,6,3
FGFR2_p.D471N_1,FGFR2_p.D471N,7,3
FGFR2_p.D471N_2,FGFR2_p.D471N,7,3
FGFR2_p.D471N_3,FGFR2_p.D471N,7,3
FGFR2_p.E160K_1,FGFR2_p.E160K,1,3
FGFR2_p.E160K_2,FGFR2_p.E160K,1,3
FGFR2_p.E160K_3,FGFR2_p.E160K,1,3
FGFR2_p.E160K_1,FGFR2_p.E160K,2,4
FGFR2_p.E160K_2,FGFR2_p.E160K,2,3
FGFR2_p.E160K_3,FGFR2_p.E160K,2,3
FGFR2_p.E160K_1,FGFR2_p.E160K,3,4
FGFR2_p.E160K_2,FGFR2_p.E160K,3,4
FGFR2_p.E160K_3,FGFR2_p.E160K,3,4
FGFR2_p.E160K_1,FGFR2_p.E160K,4,4
FGFR2_p.E160K_2,FGFR2_p.E160K,4,4
FGFR2_p.E160K_3,FGFR2_p.E160K,4,4
FGFR2_p.E160K_1,FGFR2_p.E160K,6,4
FGFR2_p.E160K_2,FGFR2_p.E160K,6,4
FGFR2_p.E160K_3,FGFR2_p.E160K,6,4
FGFR2_p.E160K_1,FGFR2_p.E160K,7,3
FGFR2_p.E160K_2,FGFR2_p.E160K,7,3
FGFR2_p.E160K_3,FGFR2_p.E160K,7,3
FGFR2_p.E160K_1,FGFR2_p.E160K,8,3
FGFR2_p.E160K_2,FGFR2_p.E160K,8,3
FGFR2_p.E160K_3,FGFR2_p.E160K,8,3
FGFR2_p.E163K_1,FGFR2_p.E163K,1,3
FGFR2_p.E163K_2,FGFR2_p.E163K,1,3
FGFR2_p.E163K_3,FGFR2_p.E163K,1,3
FGFR2_p.E163K_1,FGFR2_p.E163K,2,4
FGFR2_p.E163K_2,FGFR2_p.E163K,2,4
FGFR2_p.E163K_3,FGFR2_p.E163K,2,3
FGFR2_p.E163K_1,FGFR2_p.E163K,3,4
FGFR2_p.E163K_2,FGFR2_p.E163K,3,4
FGFR2_p.E163K_3,FGFR2_p.E163K,3,4
FGFR2_p.E163K_1,FGFR2_p.E163K,4,4
FGFR2_p.E163K_2,FGFR2_p.E163K,4,4
FGFR2_p.E163K_3,FGFR2_p.E163K,4,4
FGFR2_p.E163K_1,FGFR2_p.E163K,6,4
FGFR2_p.E163K_2,FGFR2_p.E163K,6,4
FGFR2_p.E163K_3,FGFR2_p.E163K,6,4
FGFR2_p.E163K_1,FGFR2_p.E163K,7,3
FGFR2_p.E163K_2,FGFR2_p.E163K,7,3
FGFR2_p.E163K_3,FGFR2_p.E163K,7,3
FGFR2_p.E163K_1,FGFR2_p.E163K,8,3
FGFR2_p.E163K_2,FGFR2_p.E163K,8,3
FGFR2_p.E163K_3,FGFR2_p.E163K,8,3
FGFR2_p.E475K_1,FGFR2_p.E475K,1,1
FGFR2_p.E475K_2,FGFR2_p.E475K,1,1
FGFR2_p.E475K_3,FGFR2_p.E475K,1,1
FGFR2_p.E475K_1,FGFR2_p.E475K,2,4
FGFR2_p.E475K_2,FGFR2_p.E475K,2,4
FGFR2_p.E475K_3,FGFR2_p.E475K,2,4
FGFR2_p.E475K_1,FGFR2_p.E475K,4,3
FGFR2_p.E475K_2,FGFR2_p.E475K,4,3
FGFR2_p.E475K_3,FGFR2_p.E475K,4,3
FGFR2_p.E475K_1,FGFR2_p.E475K,6,4
FGFR2_p.E475K_2,FGFR2_p.E475K,6,4
FGFR2_p.E475K_3,FGFR2_p.E475K,6,4
FGFR2_p.E475K_1,FGFR2_p.E475K,7,3
FGFR2_p.E475K_2,FGFR2_p.E475K,7,3
FGFR2_p.E475K_3,FGFR2_p.E475K,7,3
FGFR2_p.E596K_1,FGFR2_p.E596K,1,3
FGFR2_p.E596K_2,FGFR2_p.E596K,1,3
FGFR2_p.E596K_3,FGFR2_p.E596K,1,3
FGFR2_p.E596K_1,FGFR2_p.E596K,2,4
FGFR2_p.E596K_2,FGFR2_p.E596K,2,4
FGFR2_p.E596K_3,FGFR2_p.E596K,2,3
FGFR2_p.E596K_1,FGFR2_p.E596K,4,1
FGFR2_p.E596K_2,FGFR2_p.E596K,4,1
FGFR2_p.E596K_3,FGFR2_p.E596K,4,1
FGFR2_p.E596K_1,FGFR2_p.E596K,6,3
FGFR2_p.E596K_2,FGFR2_p.E596K,6,3
FGFR2_p.E596K_3,FGFR2_p.E596K,6,3
FGFR2_p.E596K_1,FGFR2_p.E596K,7,3
FGFR2_p.E596K_2,FGFR2_p.E596K,7,3
FGFR2_p.E596K_3,FGFR2_p.E596K,7,3
FGFR2_p.E695K_1,FGFR2_p.E695K,1,1
FGFR2_p.E695K_2,FGFR2_p.E695K,1,1
FGFR2_p.E695K_3,FGFR2_p.E695K,1,1
FGFR2_p.E695K_1,FGFR2_p.E695K,2,1
FGFR2_p.E695K_2,FGFR2_p.E695K,2,1
FGFR2_p.E695K_3,FGFR2_p.E695K,2,1
FGFR2_p.E695K_1,FGFR2_p.E695K,4,2
FGFR2_p.E695K_2,FGFR2_p.E695K,4,1
FGFR2_p.E695K_3,FGFR2_p.E695K,4,1
FGFR2_p.E695K_1,FGFR2_p.E695K,6,1
FGFR2_p.E695K_2,FGFR2_p.E695K,6,1
FGFR2_p.E695K_3,FGFR2_p.E695K,6,1
FGFR2_p.E695K_1,FGFR2_p.E695K,7,1
FGFR2_p.E695K_2,FGFR2_p.E695K,7,1
FGFR2_p.E695K_3,FGFR2_p.E695K,7,1
FGFR2_p.E718K_1,FGFR2_p.E718K,1,4
FGFR2_p.E718K_2,FGFR2_p.E718K,1,4
FGFR2_p.E718K_3,FGFR2_p.E718K,1,4
FGFR2_p.E718K_1,FGFR2_p.E718K,2,4
FGFR2_p.E718K_2,FGFR2_p.E718K,2,4
FGFR2_p.E718K_3,FGFR2_p.E718K,2,4
FGFR2_p.E718K_1,FGFR2_p.E718K,4,4
FGFR2_p.E718K_2,FGFR2_p.E718K,4,4
FGFR2_p.E718K_3,FGFR2_p.E718K,4,4
FGFR2_p.E718K_1,FGFR2_p.E718K,6,4
FGFR2_p.E718K_2,FGFR2_p.E718K,6,4
FGFR2_p.E718K_3,FGFR2_p.E718K,6,4
FGFR2_p.E718K_1,FGFR2_p.E718K,7,4
FGFR2_p.E718K_2,FGFR2_p.E718K,7,4
FGFR2_p.E718K_3,FGFR2_p.E718K,7,4
FGFR2_p.G227E_1,FGFR2_p.G227E,1,3
FGFR2_p.G227E_2,FGFR2_p.G227E,1,3
FGFR2_p.G227E_3,FGFR2_p.G227E,1,3
FGFR2_p.G227E_1,FGFR2_p.G227E,2,3
FGFR2_p.G227E_2,FGFR2_p.G227E,2,2
FGFR2_p.G227E_3,FGFR2_p.G227E,2,3
FGFR2_p.G227E_1,FGFR2_p.G227E,3,4
FGFR2_p.G227E_2,FGFR2_p.G227E,3,3
FGFR2_p.G227E_3,FGFR2_p.G227E,3,3
FGFR2_p.G227E_1,FGFR2_p.G227E,4,3
FGFR2_p.G227E_2,FGFR2_p.G227E,4,3
FGFR2_p.G227E_3,FGFR2_p.G227E,4,3
FGFR2_p.G227E_1,FGFR2_p.G227E,6,3
FGFR2_p.G227E_2,FGFR2_p.G227E,6,3
FGFR2_p.G227E_3,FGFR2_p.G227E,6,3
FGFR2_p.G227E_1,FGFR2_p.G227E,7,3
FGFR2_p.G227E_2,FGFR2_p.G227E,7,3
FGFR2_p.G227E_3,FGFR2_p.G227E,7,3
FGFR2_p.G227E_1,FGFR2_p.G227E,8,3
FGFR2_p.G227E_2,FGFR2_p.G227E,8,3
FGFR2_p.G227E_3,FGFR2_p.G227E,8,3
FGFR2_p.G305R_1,FGFR2_p.G305R,1,3
FGFR2_p.G305R_2,FGFR2_p.G305R,1,3
FGFR2_p.G305R_3,FGFR2_p.G305R,1,3
FGFR2_p.G305R_1,FGFR2_p.G305R,2,2
FGFR2_p.G305R_2,FGFR2_p.G305R,2,2
FGFR2_p.G305R_3,FGFR2_p.G305R,2,2
FGFR2_p.G305R_1,FGFR2_p.G305R,3,4
FGFR2_p.G305R_2,FGFR2_p.G305R,3,4
FGFR2_p.G305R_3,FGFR2_p.G305R,3,4
FGFR2_p.G305R_1,FGFR2_p.G305R,4,1
FGFR2_p.G305R_2,FGFR2_p.G305R,4,2
FGFR2_p.G305R_3,FGFR2_p.G305R,4,1
FGFR2_p.G305R_1,FGFR2_p.G305R,6,4
FGFR2_p.G305R_2,FGFR2_p.G305R,6,4
FGFR2_p.G305R_3,FGFR2_p.G305R,6,4
FGFR2_p.G305R_1,FGFR2_p.G305R,7,3
FGFR2_p.G305R_2,FGFR2_p.G305R,7,3
FGFR2_p.G305R_3,FGFR2_p.G305R,7,3
FGFR2_p.G305R_2,FGFR2_p.G305R,8,3
FGFR2_p.G364E_1,FGFR2_p.G364E,1,3
FGFR2_p.G364E_2,FGFR2_p.G364E,1,3
FGFR2_p.G364E_3,FGFR2_p.G364E,1,3
FGFR2_p.G364E_1,FGFR2_p.G364E,2,3
FGFR2_p.G364E_2,FGFR2_p.G364E,2,3
FGFR2_p.G364E_3,FGFR2_p.G364E,2,4
FGFR2_p.G364E_1,FGFR2_p.G364E,3,4
FGFR2_p.G364E_2,FGFR2_p.G364E,3,4
FGFR2_p.G364E_3,FGFR2_p.G364E,3,4
FGFR2_p.G364E_1,FGFR2_p.G364E,4,4
FGFR2_p.G364E_2,FGFR2_p.G364E,4,4
FGFR2_p.G364E_3,FGFR2_p.G364E,4,4
FGFR2_p.G364E_1,FGFR2_p.G364E,6,4
FGFR2_p.G364E_2,FGFR2_p.G364E,6,4
FGFR2_p.G364E_3,FGFR2_p.G364E,6,4
FGFR2_p.G364E_1,FGFR2_p.G364E,7,3
FGFR2_p.G364E_2,FGFR2_p.G364E,7,4
FGFR2_p.G364E_3,FGFR2_p.G364E,7,3
FGFR2_p.G364E_2,FGFR2_p.G364E,8,3
FGFR2_p.G542E_1,FGFR2_p.G542E,1,2
FGFR2_p.G542E_2,FGFR2_p.G542E,1,2
FGFR2_p.G542E_3,FGFR2_p.G542E,1,2
FGFR2_p.G542E_1,FGFR2_p.G542E,2,4
FGFR2_p.G542E_2,FGFR2_p.G542E,2,4
FGFR2_p.G542E_3,FGFR2_p.G542E,2,2
FGFR2_p.G542E_1,FGFR2_p.G542E,4,1
FGFR2_p.G542E_2,FGFR2_p.G542E,4,1
FGFR2_p.G542E_3,FGFR2_p.G542E,4,3
FGFR2_p.G542E_1,FGFR2_p.G542E,6,1
FGFR2_p.G542E_2,FGFR2_p.G542E,6,1
FGFR2_p.G542E_3,FGFR2_p.G542E,6,1
FGFR2_p.G542E_1,FGFR2_p.G542E,7,3
FGFR2_p.G542E_2,FGFR2_p.G542E,7,3
FGFR2_p.G542E_3,FGFR2_p.G542E,7,3
FGFR2_p.G613S_1,FGFR2_p.G613S,1,3
FGFR2_p.G613S_2,FGFR2_p.G613S,1,3
FGFR2_p.G613S_3,FGFR2_p.G613S,1,3
FGFR2_p.G613S_1,FGFR2_p.G613S,2,4
FGFR2_p.G613S_2,FGFR2_p.G613S,2,4
FGFR2_p.G613S_3,FGFR2_p.G613S,2,4
FGFR2_p.G613S_1,FGFR2_p.G613S,4,2
FGFR2_p.G613S_2,FGFR2_p.G613S,4,2
FGFR2_p.G613S_3,FGFR2_p.G613S,4,3
FGFR2_p.G613S_1,FGFR2_p.G613S,6,4
FGFR2_p.G613S_2,FGFR2_p.G613S,6,4
FGFR2_p.G613S_3,FGFR2_p.G613S,6,4
FGFR2_p.G613S_1,FGFR2_p.G613S,7,3
FGFR2_p.G613S_2,FGFR2_p.G613S,7,3
FGFR2_p.G613S_3,FGFR2_p.G613S,7,3
FGFR2_p.H242Y_1,FGFR2_p.H242Y,1,3
FGFR2_p.H242Y_2,FGFR2_p.H242Y,1,3
FGFR2_p.H242Y_3,FGFR2_p.H242Y,1,3
FGFR2_p.H242Y_1,FGFR2_p.H242Y,2,4
FGFR2_p.H242Y_2,FGFR2_p.H242Y,2,3
FGFR2_p.H242Y_3,FGFR2_p.H242Y,2,4
FGFR2_p.H242Y_1,FGFR2_p.H242Y,3,4
FGFR2_p.H242Y_2,FGFR2_p.H242Y,3,3
FGFR2_p.H242Y_3,FGFR2_p.H242Y,3,4
FGFR2_p.H242Y_1,FGFR2_p.H242Y,4,4
FGFR2_p.H242Y_2,FGFR2_p.H242Y,4,4
FGFR2_p.H242Y_3,FGFR2_p.H242Y,4,4
FGFR2_p.H242Y_1,FGFR2_p.H242Y,6,4
FGFR2_p.H242Y_2,FGFR2_p.H242Y,6,4
FGFR2_p.H242Y_3,FGFR2_p.H242Y,6,4
FGFR2_p.H242Y_1,FGFR2_p.H242Y,7,3
FGFR2_p.H242Y_2,FGFR2_p.H242Y,7,3
FGFR2_p.H242Y_3,FGFR2_p.H242Y,7,3
FGFR2_p.H242Y_1,FGFR2_p.H242Y,8,3
FGFR2_p.H242Y_2,FGFR2_p.H242Y,8,3
FGFR2_p.H242Y_3,FGFR2_p.H242Y,8,3
FGFR2_p.H416R_1,FGFR2_p.H416R,1,3
FGFR2_p.H416R_2,FGFR2_p.H416R,1,3
FGFR2_p.H416R_3,FGFR2_p.H416R,1,3
FGFR2_p.H416R_1,FGFR2_p.H416R,2,4
FGFR2_p.H416R_2,FGFR2_p.H416R,2,4
FGFR2_p.H416R_3,FGFR2_p.H416R,2,4
FGFR2_p.H416R_1,FGFR2_p.H416R,4,3
FGFR2_p.H416R_2,FGFR2_p.H416R,4,4
FGFR2_p.H416R_3,FGFR2_p.H416R,4,4
FGFR2_p.H416R_1,FGFR2_p.H416R,6,4
FGFR2_p.H416R_2,FGFR2_p.H416R,6,4
FGFR2_p.H416R_3,FGFR2_p.H416R,6,4
FGFR2_p.H416R_1,FGFR2_p.H416R,7,3
FGFR2_p.H416R_2,FGFR2_p.H416R,7,3
FGFR2_p.H416R_3,FGFR2_p.H416R,7,3
FGFR2_p.H544Q_1,FGFR2_p.H544Q,1,3
FGFR2_p.H544Q_2,FGFR2_p.H544Q,1,3
FGFR2_p.H544Q_3,FGFR2_p.H544Q,1,3
FGFR2_p.H544Q_1,FGFR2_p.H544Q,2,4
FGFR2_p.H544Q_2,FGFR2_p.H544Q,2,4
FGFR2_p.H544Q_3,FGFR2_p.H544Q,2,4
FGFR2_p.H544Q_1,FGFR2_p.H544Q,4,4
FGFR2_p.H544Q_2,FGFR2_p.H544Q,4,4
FGFR2_p.H544Q_3,FGFR2_p.H544Q,4,4
FGFR2_p.H544Q_1,FGFR2_p.H544Q,6,4
FGFR2_p.H544Q_2,FGFR2_p.H544Q,6,4
FGFR2_p.H544Q_3,FGFR2_p.H544Q,6,4
FGFR2_p.H544Q_1,FGFR2_p.H544Q,7,3
FGFR2_p.H544Q_2,FGFR2_p.H544Q,7,3
FGFR2_p.H544Q_3,FGFR2_p.H544Q,7,3
FGFR2_p.I422V_1,FGFR2_p.I422V,1,3
FGFR2_p.I422V_2,FGFR2_p.I422V,1,3
FGFR2_p.I422V_3,FGFR2_p.I422V,1,3
FGFR2_p.I422V_1,FGFR2_p.I422V,2,4
FGFR2_p.I422V_2,FGFR2_p.I422V,2,4
FGFR2_p.I422V_3,FGFR2_p.I422V,2,4
FGFR2_p.I422V_1,FGFR2_p.I422V,4,4
FGFR2_p.I422V_2,FGFR2_p.I422V,4,4
FGFR2_p.I422V_3,FGFR2_p.I422V,4,4
FGFR2_p.I422V_1,FGFR2_p.I422V,6,4
FGFR2_p.I422V_2,FGFR2_p.I422V,6,4
FGFR2_p.I422V_3,FGFR2_p.I422V,6,4
FGFR2_p.I422V_1,FGFR2_p.I422V,7,3
FGFR2_p.I422V_2,FGFR2_p.I422V,7,3
FGFR2_p.I422V_3,FGFR2_p.I422V,7,3
FGFR2_p.K310R_1,FGFR2_p.K310R,1,3
FGFR2_p.K310R_2,FGFR2_p.K310R,1,3
FGFR2_p.K310R_3,FGFR2_p.K310R,1,3
FGFR2_p.K310R_1,FGFR2_p.K310R,2,3
FGFR2_p.K310R_2,FGFR2_p.K310R,2,4
FGFR2_p.K310R_3,FGFR2_p.K310R,2,3
FGFR2_p.K310R_1,FGFR2_p.K310R,3,4
FGFR2_p.K310R_2,FGFR2_p.K310R,3,4
FGFR2_p.K310R_3,FGFR2_p.K310R,3,4
FGFR2_p.K310R_1,FGFR2_p.K310R,4,4
FGFR2_p.K310R_2,FGFR2_p.K310R,4,4
FGFR2_p.K310R_3,FGFR2_p.K310R,4,4
FGFR2_p.K310R_1,FGFR2_p.K310R,6,4
FGFR2_p.K310R_2,FGFR2_p.K310R,6,4
FGFR2_p.K310R_3,FGFR2_p.K310R,6,4
FGFR2_p.K310R_1,FGFR2_p.K310R,7,3
FGFR2_p.K310R_2,FGFR2_p.K310R,7,3
FGFR2_p.K310R_3,FGFR2_p.K310R,7,3
FGFR2_p.K310R_1,FGFR2_p.K310R,8,3
FGFR2_p.K310R_3,FGFR2_p.K310R,8,3
FGFR2_p.K659E_1,FGFR2_p.K659E,1,4
FGFR2_p.K659E_2,FGFR2_p.K659E,1,4
FGFR2_p.K659E_3,FGFR2_p.K659E,1,4
FGFR2_p.K659E_1,FGFR2_p.K659E,2,4
FGFR2_p.K659E_2,FGFR2_p.K659E,2,4
FGFR2_p.K659E_3,FGFR2_p.K659E,2,4
FGFR2_p.K659E_1,FGFR2_p.K659E,4,4
FGFR2_p.K659E_2,FGFR2_p.K659E,4,4
FGFR2_p.K659E_3,FGFR2_p.K659E,4,4
FGFR2_p.K659E_1,FGFR2_p.K659E,6,4
FGFR2_p.K659E_2,FGFR2_p.K659E,6,4
FGFR2_p.K659E_3,FGFR2_p.K659E,6,4
FGFR2_p.K659E_1,FGFR2_p.K659E,7,4
FGFR2_p.K659E_2,FGFR2_p.K659E,7,4
FGFR2_p.K659E_3,FGFR2_p.K659E,7,4
FGFR2_p.K659N_1,FGFR2_p.K659N,1,4
FGFR2_p.K659N_2,FGFR2_p.K659N,1,4
FGFR2_p.K659N_3,FGFR2_p.K659N,1,4
FGFR2_p.K659N_1,FGFR2_p.K659N,2,4
FGFR2_p.K659N_2,FGFR2_p.K659N,2,4
FGFR2_p.K659N_3,FGFR2_p.K659N,2,4
FGFR2_p.K659N_1,FGFR2_p.K659N,4,4
FGFR2_p.K659N_2,FGFR2_p.K659N,4,4
FGFR2_p.K659N_3,FGFR2_p.K659N,4,4
FGFR2_p.K659N_1,FGFR2_p.K659N,6,4
FGFR2_p.K659N_2,FGFR2_p.K659N,6,4
FGFR2_p.K659N_3,FGFR2_p.K659N,6,4
FGFR2_p.K659N_1,FGFR2_p.K659N,7,4
FGFR2_p.K659N_2,FGFR2_p.K659N,7,4
FGFR2_p.K659N_3,FGFR2_p.K659N,7,4
FGFR2_p.L33S_1,FGFR2_p.L33S,1,3
FGFR2_p.L33S_2,FGFR2_p.L33S,1,3
FGFR2_p.L33S_3,FGFR2_p.L33S,1,3
FGFR2_p.L33S_1,FGFR2_p.L33S,2,3
FGFR2_p.L33S_2,FGFR2_p.L33S,2,2
FGFR2_p.L33S_3,FGFR2_p.L33S,2,4
FGFR2_p.L33S_1,FGFR2_p.L33S,3,4
FGFR2_p.L33S_2,FGFR2_p.L33S,3,3
FGFR2_p.L33S_3,FGFR2_p.L33S,3,4
FGFR2_p.L33S_1,FGFR2_p.L33S,4,4
FGFR2_p.L33S_2,FGFR2_p.L33S,4,2
FGFR2_p.L33S_3,FGFR2_p.L33S,4,4
FGFR2_p.L33S_1,FGFR2_p.L33S,6,4
FGFR2_p.L33S_2,FGFR2_p.L33S,6,4
FGFR2_p.L33S_3,FGFR2_p.L33S,6,4
FGFR2_p.L33S_1,FGFR2_p.L33S,7,3
FGFR2_p.L33S_2,FGFR2_p.L33S,7,3
FGFR2_p.L33S_3,FGFR2_p.L33S,7,3
FGFR2_p.L33S_1,FGFR2_p.L33S,8,3
FGFR2_p.L33S_2,FGFR2_p.L33S,8,3
FGFR2_p.L33S_3,FGFR2_p.L33S,8,3
FGFR2_p.L560F_1,FGFR2_p.L560F,1,3
FGFR2_p.L560F_2,FGFR2_p.L560F,1,3
FGFR2_p.L560F_3,FGFR2_p.L560F,1,3
FGFR2_p.L560F_1,FGFR2_p.L560F,2,4
FGFR2_p.L560F_2,FGFR2_p.L560F,2,4
FGFR2_p.L560F_3,FGFR2_p.L560F,2,4
FGFR2_p.L560F_1,FGFR2_p.L560F,4,4
FGFR2_p.L560F_2,FGFR2_p.L560F,4,4
FGFR2_p.L560F_3,FGFR2_p.L560F,4,4
FGFR2_p.L560F_1,FGFR2_p.L560F,6,4
FGFR2_p.L560F_2,FGFR2_p.L560F,6,4
FGFR2_p.L560F_3,FGFR2_p.L560F,6,4
FGFR2_p.L560F_1,FGFR2_p.L560F,7,4
FGFR2_p.L560F_2,FGFR2_p.L560F,7,3
FGFR2_p.L560F_3,FGFR2_p.L560F,7,4
FGFR2_p.M186T_1,FGFR2_p.M186T,1,3
FGFR2_p.M186T_2,FGFR2_p.M186T,1,3
FGFR2_p.M186T_3,FGFR2_p.M186T,1,3
FGFR2_p.M186T_1,FGFR2_p.M186T,2,1
FGFR2_p.M186T_2,FGFR2_p.M186T,2,1
FGFR2_p.M186T_3,FGFR2_p.M186T,2,1
FGFR2_p.M186T_1,FGFR2_p.M186T,3,2
FGFR2_p.M186T_2,FGFR2_p.M186T,3,1
FGFR2_p.M186T_3,FGFR2_p.M186T,3,2
FGFR2_p.M186T_1,FGFR2_p.M186T,4,1
FGFR2_p.M186T_2,FGFR2_p.M186T,4,1
FGFR2_p.M186T_3,FGFR2_p.M186T,4,1
FGFR2_p.M186T_1,FGFR2_p.M186T,6,4
FGFR2_p.M186T_2,FGFR2_p.M186T,6,2
FGFR2_p.M186T_3,FGFR2_p.M186T,6,4
FGFR2_p.M186T_1,FGFR2_p.M186T,7,3
FGFR2_p.M186T_2,FGFR2_p.M186T,7,3
FGFR2_p.M186T_3,FGFR2_p.M186T,7,3
FGFR2_p.M186T_1,FGFR2_p.M186T,8,3
FGFR2_p.M186T_2,FGFR2_p.M186T,8,3
FGFR2_p.M186T_3,FGFR2_p.M186T,8,3
FGFR2_p.M640I_1,FGFR2_p.M640I,1,3
FGFR2_p.M640I_2,FGFR2_p.M640I,1,3
FGFR2_p.M640I_3,FGFR2_p.M640I,1,3
FGFR2_p.M640I_1,FGFR2_p.M640I,2,4
FGFR2_p.M640I_2,FGFR2_p.M640I,2,4
FGFR2_p.M640I_3,FGFR2_p.M640I,2,3
FGFR2_p.M640I_1,FGFR2_p.M640I,4,2
FGFR2_p.M640I_2,FGFR2_p.M640I,4,1
FGFR2_p.M640I_3,FGFR2_p.M640I,4,2
FGFR2_p.M640I_1,FGFR2_p.M640I,6,3
FGFR2_p.M640I_2,FGFR2_p.M640I,6,3
FGFR2_p.M640I_3,FGFR2_p.M640I,6,3
FGFR2_p.M640I_1,FGFR2_p.M640I,7,3
FGFR2_p.M640I_2,FGFR2_p.M640I,7,3
FGFR2_p.M640I_3,FGFR2_p.M640I,7,3
FGFR2_p.M722I_1,FGFR2_p.M722I,1,1
FGFR2_p.M722I_2,FGFR2_p.M722I,1,1
FGFR2_p.M722I_3,FGFR2_p.M722I,1,1
FGFR2_p.M722I_1,FGFR2_p.M722I,2,1
FGFR2_p.M722I_2,FGFR2_p.M722I,2,1
FGFR2_p.M722I_3,FGFR2_p.M722I,2,2
FGFR2_p.M722I_1,FGFR2_p.M722I,4,1
FGFR2_p.M722I_2,FGFR2_p.M722I,4,1
FGFR2_p.M722I_3,FGFR2_p.M722I,4,1
FGFR2_p.M722I_1,FGFR2_p.M722I,6,1
FGFR2_p.M722I_2,FGFR2_p.M722I,6,1
FGFR2_p.M722I_3,FGFR2_p.M722I,6,1
FGFR2_p.M722I_1,FGFR2_p.M722I,7,2
FGFR2_p.M722I_2,FGFR2_p.M722I,7,2
FGFR2_p.M722I_3,FGFR2_p.M722I,7,2
FGFR2_p.N549D_1,FGFR2_p.N549D,1,3
FGFR2_p.N549D_2,FGFR2_p.N549D,1,3
FGFR2_p.N549D_3,FGFR2_p.N549D,1,3
FGFR2_p.N549D_1,FGFR2_p.N549D,2,4
FGFR2_p.N549D_2,FGFR2_p.N549D,2,4
FGFR2_p.N549D_3,FGFR2_p.N549D,2,4
FGFR2_p.N549D_1,FGFR2_p.N549D,4,4
FGFR2_p.N549D_2,FGFR2_p.N549D,4,4
FGFR2_p.N549D_3,FGFR2_p.N549D,4,4
FGFR2_p.N549D_1,FGFR2_p.N549D,6,4
FGFR2_p.N549D_2,FGFR2_p.N549D,6,4
FGFR2_p.N549D_3,FGFR2_p.N549D,6,4
FGFR2_p.N549D_1,FGFR2_p.N549D,7,4
FGFR2_p.N549D_2,FGFR2_p.N549D,7,4
FGFR2_p.N549D_3,FGFR2_p.N549D,7,4
FGFR2_p.N549H_1,FGFR2_p.N549H,1,3
FGFR2_p.N549H_2,FGFR2_p.N549H,1,3
FGFR2_p.N549H_3,FGFR2_p.N549H,1,3
FGFR2_p.N549H_1,FGFR2_p.N549H,2,4
FGFR2_p.N549H_2,FGFR2_p.N549H,2,4
FGFR2_p.N549H_3,FGFR2_p.N549H,2,4
FGFR2_p.N549H_1,FGFR2_p.N549H,4,4
FGFR2_p.N549H_2,FGFR2_p.N549H,4,4
FGFR2_p.N549H_3,FGFR2_p.N549H,4,4
FGFR2_p.N549H_1,FGFR2_p.N549H,6,4
FGFR2_p.N549H_2,FGFR2_p.N549H,6,4
FGFR2_p.N549H_3,FGFR2_p.N549H,6,4
FGFR2_p.N549H_1,FGFR2_p.N549H,7,4
FGFR2_p.N549H_2,FGFR2_p.N549H,7,3
FGFR2_p.N549H_3,FGFR2_p.N549H,7,4
FGFR2_p.N549K_1,FGFR2_p.N549K,1,4
FGFR2_p.N549K_2,FGFR2_p.N549K,1,4
FGFR2_p.N549K_3,FGFR2_p.N549K,1,4
FGFR2_p.N549K_1,FGFR2_p.N549K,2,4
FGFR2_p.N549K_2,FGFR2_p.N549K,2,4
FGFR2_p.N549K_3,FGFR2_p.N549K,2,4
FGFR2_p.N549K_1,FGFR2_p.N549K,4,4
FGFR2_p.N549K_2,FGFR2_p.N549K,4,4
FGFR2_p.N549K_3,FGFR2_p.N549K,4,4
FGFR2_p.N549K_1,FGFR2_p.N549K,6,4
FGFR2_p.N549K_2,FGFR2_p.N549K,6,4
FGFR2_p.N549K_3,FGFR2_p.N549K,6,4
FGFR2_p.N549K_1,FGFR2_p.N549K,7,3
FGFR2_p.N549K_2,FGFR2_p.N549K,7,4
FGFR2_p.N549K_3,FGFR2_p.N549K,7,3
FGFR2_p.N549S_1,FGFR2_p.N549S,1,3
FGFR2_p.N549S_2,FGFR2_p.N549S,1,3
FGFR2_p.N549S_3,FGFR2_p.N549S,1,3
FGFR2_p.N549S_1,FGFR2_p.N549S,2,4
FGFR2_p.N549S_2,FGFR2_p.N549S,2,4
FGFR2_p.N549S_3,FGFR2_p.N549S,2,4
FGFR2_p.N549S_1,FGFR2_p.N549S,4,4
FGFR2_p.N549S_2,FGFR2_p.N549S,4,4
FGFR2_p.N549S_3,FGFR2_p.N549S,4,4
FGFR2_p.N549S_1,FGFR2_p.N549S,6,4
FGFR2_p.N549S_2,FGFR2_p.N549S,6,4
FGFR2_p.N549S_3,FGFR2_p.N549S,6,4
FGFR2_p.N549S_1,FGFR2_p.N549S,7,3
FGFR2_p.N549S_2,FGFR2_p.N549S,7,3
FGFR2_p.N549S_3,FGFR2_p.N549S,7,4
FGFR2_p.N82K_1,FGFR2_p.N82K,1,3
FGFR2_p.N82K_2,FGFR2_p.N82K,1,3
FGFR2_p.N82K_3,FGFR2_p.N82K,1,3
FGFR2_p.N82K_1,FGFR2_p.N82K,2,3
FGFR2_p.N82K_2,FGFR2_p.N82K,2,4
FGFR2_p.N82K_3,FGFR2_p.N82K,2,4
FGFR2_p.N82K_1,FGFR2_p.N82K,3,4
FGFR2_p.N82K_2,FGFR2_p.N82K,3,4
FGFR2_p.N82K_3,FGFR2_p.N82K,3,4
FGFR2_p.N82K_1,FGFR2_p.N82K,4,1
FGFR2_p.N82K_2,FGFR2_p.N82K,4,4
FGFR2_p.N82K_3,FGFR2_p.N82K,4,4
FGFR2_p.N82K_1,FGFR2_p.N82K,6,4
FGFR2_p.N82K_2,FGFR2_p.N82K,6,4
FGFR2_p.N82K_3,FGFR2_p.N82K,6,4
FGFR2_p.N82K_1,FGFR2_p.N82K,7,3
FGFR2_p.N82K_2,FGFR2_p.N82K,7,3
FGFR2_p.N82K_3,FGFR2_p.N82K,7,3
FGFR2_p.N82K_1,FGFR2_p.N82K,8,3
FGFR2_p.N82K_2,FGFR2_p.N82K,8,3
FGFR2_p.N82K_3,FGFR2_p.N82K,8,3
FGFR2_p.P253L_1,FGFR2_p.P253L,1,3
FGFR2_p.P253L_2,FGFR2_p.P253L,1,3
FGFR2_p.P253L_3,FGFR2_p.P253L,1,3
FGFR2_p.P253L_1,FGFR2_p.P253L,2,4
FGFR2_p.P253L_2,FGFR2_p.P253L,2,4
FGFR2_p.P253L_3,FGFR2_p.P253L,2,3
FGFR2_p.P253L_1,FGFR2_p.P253L,3,4
FGFR2_p.P253L_2,FGFR2_p.P253L,3,4
FGFR2_p.P253L_3,FGFR2_p.P253L,3,4
FGFR2_p.P253L_1,FGFR2_p.P253L,4,4
FGFR2_p.P253L_2,FGFR2_p.P253L,4,4
FGFR2_p.P253L_3,FGFR2_p.P253L,4,4
FGFR2_p.P253L_1,FGFR2_p.P253L,6,4
FGFR2_p.P253L_2,FGFR2_p.P253L,6,4
FGFR2_p.P253L_3,FGFR2_p.P253L,6,4
FGFR2_p.P253L_1,FGFR2_p.P253L,7,3
FGFR2_p.P253L_2,FGFR2_p.P253L,7,3
FGFR2_p.P253L_3,FGFR2_p.P253L,7,3
FGFR2_p.P253L_1,FGFR2_p.P253L,8,3
FGFR2_p.P253L_3,FGFR2_p.P253L,8,3
FGFR2_p.P253R_1,FGFR2_p.P253R,1,3
FGFR2_p.P253R_2,FGFR2_p.P253R,1,3
FGFR2_p.P253R_3,FGFR2_p.P253R,1,3
FGFR2_p.P253R_1,FGFR2_p.P253R,2,2
FGFR2_p.P253R_2,FGFR2_p.P253R,2,2
FGFR2_p.P253R_3,FGFR2_p.P253R,2,2
FGFR2_p.P253R_1,FGFR2_p.P253R,3,3
FGFR2_p.P253R_2,FGFR2_p.P253R,3,4
FGFR2_p.P253R_3,FGFR2_p.P253R,3,4
FGFR2_p.P253R_1,FGFR2_p.P253R,4,2
FGFR2_p.P253R_2,FGFR2_p.P253R,4,2
FGFR2_p.P253R_3,FGFR2_p.P253R,4,2
FGFR2_p.P253R_1,FGFR2_p.P253R,6,4
FGFR2_p.P253R_2,FGFR2_p.P253R,6,4
FGFR2_p.P253R_3,FGFR2_p.P253R,6,4
FGFR2_p.P253R_1,FGFR2_p.P253R,7,3
FGFR2_p.P253R_2,FGFR2_p.P253R,7,3
FGFR2_p.P253R_3,FGFR2_p.P253R,7,3
FGFR2_p.P253R_2,FGFR2_p.P253R,8,2
FGFR2_p.P303L_1,FGFR2_p.P303L,1,3
FGFR2_p.P303L_2,FGFR2_p.P303L,1,3
FGFR2_p.P303L_3,FGFR2_p.P303L,1,3
FGFR2_p.P303L_1,FGFR2_p.P303L,2,3
FGFR2_p.P303L_2,FGFR2_p.P303L,2,4
FGFR2_p.P303L_3,FGFR2_p.P303L,2,3
FGFR2_p.P303L_1,FGFR2_p.P303L,3,4
FGFR2_p.P303L_2,FGFR2_p.P303L,3,4
FGFR2_p.P303L_3,FGFR2_p.P303L,3,4
FGFR2_p.P303L_1,FGFR2_p.P303L,4,3
FGFR2_p.P303L_2,FGFR2_p.P303L,4,4
FGFR2_p.P303L_3,FGFR2_p.P303L,4,3
FGFR2_p.P303L_1,FGFR2_p.P303L,6,4
FGFR2_p.P303L_2,FGFR2_p.P303L,6,4
FGFR2_p.P303L_3,FGFR2_p.P303L,6,4
FGFR2_p.P303L_1,FGFR2_p.P303L,7,3
FGFR2_p.P303L_2,FGFR2_p.P303L,7,3
FGFR2_p.P303L_3,FGFR2_p.P303L,7,3
FGFR2_p.P303L_1,FGFR2_p.P303L,8,3
FGFR2_p.P303L_3,FGFR2_p.P303L,8,3
FGFR2_p.P582L_1,FGFR2_p.P582L,1,3
FGFR2_p.P582L_2,FGFR2_p.P582L,1,2
FGFR2_p.P582L_3,FGFR2_p.P582L,1,2
FGFR2_p.P582L_1,FGFR2_p.P582L,2,4
FGFR2_p.P582L_2,FGFR2_p.P582L,2,4
FGFR2_p.P582L_3,FGFR2_p.P582L,2,4
FGFR2_p.P582L_1,FGFR2_p.P582L,4,1
FGFR2_p.P582L_2,FGFR2_p.P582L,4,1
FGFR2_p.P582L_3,FGFR2_p.P582L,4,1
FGFR2_p.P582L_1,FGFR2_p.P582L,6,3
FGFR2_p.P582L_2,FGFR2_p.P582L,6,2
FGFR2_p.P582L_3,FGFR2_p.P582L,6,2
FGFR2_p.P582L_1,FGFR2_p.P582L,7,3
FGFR2_p.P582L_2,FGFR2_p.P582L,7,3
FGFR2_p.P582L_3,FGFR2_p.P582L,7,3
FGFR2_p.P708S_1,FGFR2_p.P708S,1,1
FGFR2_p.P708S_2,FGFR2_p.P708S,1,1
FGFR2_p.P708S_3,FGFR2_p.P708S,1,1
FGFR2_p.P708S_1,FGFR2_p.P708S,2,2
FGFR2_p.P708S_2,FGFR2_p.P708S,2,1
FGFR2_p.P708S_3,FGFR2_p.P708S,2,2
FGFR2_p.P708S_1,FGFR2_p.P708S,4,1
FGFR2_p.P708S_2,FGFR2_p.P708S,4,1
FGFR2_p.P708S_3,FGFR2_p.P708S,4,1
FGFR2_p.P708S_1,FGFR2_p.P708S,6,1
FGFR2_p.P708S_2,FGFR2_p.P708S,6,1
FGFR2_p.P708S_3,FGFR2_p.P708S,6,1
FGFR2_p.P708S_1,FGFR2_p.P708S,7,2
FGFR2_p.P708S_2,FGFR2_p.P708S,7,2
FGFR2_p.P708S_3,FGFR2_p.P708S,7,2
FGFR2_p.Q212K_1,FGFR2_p.Q212K,1,3
FGFR2_p.Q212K_2,FGFR2_p.Q212K,1,3
FGFR2_p.Q212K_3,FGFR2_p.Q212K,1,3
FGFR2_p.Q212K_1,FGFR2_p.Q212K,2,3
FGFR2_p.Q212K_2,FGFR2_p.Q212K,2,4
FGFR2_p.Q212K_3,FGFR2_p.Q212K,2,3
FGFR2_p.Q212K_1,FGFR2_p.Q212K,3,4
FGFR2_p.Q212K_2,FGFR2_p.Q212K,3,4
FGFR2_p.Q212K_3,FGFR2_p.Q212K,3,4
FGFR2_p.Q212K_1,FGFR2_p.Q212K,4,4
FGFR2_p.Q212K_2,FGFR2_p.Q212K,4,4
FGFR2_p.Q212K_3,FGFR2_p.Q212K,4,4
FGFR2_p.Q212K_1,FGFR2_p.Q212K,6,4
FGFR2_p.Q212K_2,FGFR2_p.Q212K,6,4
FGFR2_p.Q212K_3,FGFR2_p.Q212K,6,4
FGFR2_p.Q212K_1,FGFR2_p.Q212K,7,3
FGFR2_p.Q212K_2,FGFR2_p.Q212K,7,3
FGFR2_p.Q212K_3,FGFR2_p.Q212K,7,3
FGFR2_p.Q212K_1,FGFR2_p.Q212K,8,3
FGFR2_p.Q212K_2,FGFR2_p.Q212K,8,3
FGFR2_p.Q212K_3,FGFR2_p.Q212K,8,3
FGFR2_p.Q259*_1,FGFR2_p.Q259*,1,1
FGFR2_p.Q259*_2,FGFR2_p.Q259*,1,1
FGFR2_p.Q259*_3,FGFR2_p.Q259*,1,1
FGFR2_p.Q259*_1,FGFR2_p.Q259*,2,1
FGFR2_p.Q259*_2,FGFR2_p.Q259*,2,1
FGFR2_p.Q259*_3,FGFR2_p.Q259*,2,1
FGFR2_p.Q259*_1,FGFR2_p.Q259*,3,1
FGFR2_p.Q259*_2,FGFR2_p.Q259*,3,1
FGFR2_p.Q259*_3,FGFR2_p.Q259*,3,1
FGFR2_p.Q259*_1,FGFR2_p.Q259*,4,1
FGFR2_p.Q259*_2,FGFR2_p.Q259*,4,1
FGFR2_p.Q259*_3,FGFR2_p.Q259*,4,1
FGFR2_p.Q259*_1,FGFR2_p.Q259*,6,1
FGFR2_p.Q259*_2,FGFR2_p.Q259*,6,1
FGFR2_p.Q259*_3,FGFR2_p.Q259*,6,1
FGFR2_p.Q259*_1,FGFR2_p.Q259*,7,1
FGFR2_p.Q259*_2,FGFR2_p.Q259*,7,1
FGFR2_p.Q259*_3,FGFR2_p.Q259*,7,1
FGFR2_p.Q259*_2,FGFR2_p.Q259*,8,1
FGFR2_p.R203C_1,FGFR2_p.R203C,1,3
FGFR2_p.R203C_2,FGFR2_p.R203C,1,3
FGFR2_p.R203C_3,FGFR2_p.R203C,1,3
FGFR2_p.R203C_1,FGFR2_p.R203C,2,2
FGFR2_p.R203C_2,FGFR2_p.R203C,2,2
FGFR2_p.R203C_3,FGFR2_p.R203C,2,2
FGFR2_p.R203C_1,FGFR2_p.R203C,3,3
FGFR2_p.R203C_2,FGFR2_p.R203C,3,3
FGFR2_p.R203C_3,FGFR2_p.R203C,3,3
FGFR2_p.R203C_1,FGFR2_p.R203C,4,3
FGFR2_p.R203C_2,FGFR2_p.R203C,4,3
FGFR2_p.R203C_3,FGFR2_p.R203C,4,4
FGFR2_p.R203C_1,FGFR2_p.R203C,6,3
FGFR2_p.R203C_2,FGFR2_p.R203C,6,3
FGFR2_p.R203C_3,FGFR2_p.R203C,6,3
FGFR2_p.R203C_1,FGFR2_p.R203C,7,3
FGFR2_p.R203C_2,FGFR2_p.R203C,7,3
FGFR2_p.R203C_3,FGFR2_p.R203C,7,3
FGFR2_p.R203C_1,FGFR2_p.R203C,8,3
FGFR2_p.R203C_2,FGFR2_p.R203C,8,3
FGFR2_p.R203C_3,FGFR2_p.R203C,8,3
FGFR2_p.R203H_1,FGFR2_p.R203H,1,3
FGFR2_p.R203H_2,FGFR2_p.R203H,1,3
FGFR2_p.R203H_3,FGFR2_p.R203H,1,3
FGFR2_p.R203H_1,FGFR2_p.R203H,2,3
FGFR2_p.R203H_2,FGFR2_p.R203H,2,3
FGFR2_p.R203H_3,FGFR2_p.R203H,2,3
FGFR2_p.R203H_1,FGFR2_p.R203H,3,4
FGFR2_p.R203H_2,FGFR2_p.R203H,3,4
FGFR2_p.R203H_3,FGFR2_p.R203H,3,4
FGFR2_p.R203H_1,FGFR2_p.R203H,4,4
FGFR2_p.R203H_2,FGFR2_p.R203H,4,1
FGFR2_p.R203H_3,FGFR2_p.R203H,4,1
FGFR2_p.R203H_1,FGFR2_p.R203H,6,4
FGFR2_p.R203H_2,FGFR2_p.R203H,6,2
FGFR2_p.R203H_3,FGFR2_p.R203H,6,3
FGFR2_p.R203H_1,FGFR2_p.R203H,7,3
FGFR2_p.R203H_2,FGFR2_p.R203H,7,3
FGFR2_p.R203H_3,FGFR2_p.R203H,7,3
FGFR2_p.R203H_1,FGFR2_p.R203H,8,3
FGFR2_p.R203H_2,FGFR2_p.R203H,8,3
FGFR2_p.R203H_3,FGFR2_p.R203H,8,3
FGFR2_p.R210Q_1,FGFR2_p.R210Q,1,3
FGFR2_p.R210Q_2,FGFR2_p.R210Q,1,3
FGFR2_p.R210Q_3,FGFR2_p.R210Q,1,3
FGFR2_p.R210Q_1,FGFR2_p.R210Q,2,3
FGFR2_p.R210Q_2,FGFR2_p.R210Q,2,3
FGFR2_p.R210Q_3,FGFR2_p.R210Q,2,3
FGFR2_p.R210Q_1,FGFR2_p.R210Q,3,4
FGFR2_p.R210Q_2,FGFR2_p.R210Q,3,4
FGFR2_p.R210Q_3,FGFR2_p.R210Q,3,4
FGFR2_p.R210Q_1,FGFR2_p.R210Q,4,2
FGFR2_p.R210Q_2,FGFR2_p.R210Q,4,1
FGFR2_p.R210Q_3,FGFR2_p.R210Q,4,2
FGFR2_p.R210Q_1,FGFR2_p.R210Q,6,3
FGFR2_p.R210Q_2,FGFR2_p.R210Q,6,3
FGFR2_p.R210Q_3,FGFR2_p.R210Q,6,3
FGFR2_p.R210Q_1,FGFR2_p.R210Q,7,3
FGFR2_p.R210Q_2,FGFR2_p.R210Q,7,3
FGFR2_p.R210Q_3,FGFR2_p.R210Q,7,3
FGFR2_p.R210Q_1,FGFR2_p.R210Q,8,3
FGFR2_p.R210Q_2,FGFR2_p.R210Q,8,3
FGFR2_p.R210Q_3,FGFR2_p.R210Q,8,3
FGFR2_p.R251Q_1,FGFR2_p.R251Q,1,3
FGFR2_p.R251Q_2,FGFR2_p.R251Q,1,3
FGFR2_p.R251Q_3,FGFR2_p.R251Q,1,3
FGFR2_p.R251Q_1,FGFR2_p.R251Q,2,2
FGFR2_p.R251Q_2,FGFR2_p.R251Q,2,2
FGFR2_p.R251Q_3,FGFR2_p.R251Q,2,2
FGFR2_p.R251Q_1,FGFR2_p.R251Q,3,4
FGFR2_p.R251Q_2,FGFR2_p.R251Q,3,4
FGFR2_p.R251Q_3,FGFR2_p.R251Q,3,4
FGFR2_p.R251Q_1,FGFR2_p.R251Q,4,1
FGFR2_p.R251Q_2,FGFR2_p.R251Q,4,1
FGFR2_p.R251Q_3,FGFR2_p.R251Q,4,1
FGFR2_p.R251Q_1,FGFR2_p.R251Q,6,3
FGFR2_p.R251Q_2,FGFR2_p.R251Q,6,3
FGFR2_p.R251Q_3,FGFR2_p.R251Q,6,3
FGFR2_p.R251Q_1,FGFR2_p.R251Q,7,3
FGFR2_p.R251Q_2,FGFR2_p.R251Q,7,3
FGFR2_p.R251Q_3,FGFR2_p.R251Q,7,3
FGFR2_p.R251Q_2,FGFR2_p.R251Q,8,3
FGFR2_p.R330W_1,FGFR2_p.R330W,1,3
FGFR2_p.R330W_2,FGFR2_p.R330W,1,3
FGFR2_p.R330W_3,FGFR2_p.R330W,1,3
FGFR2_p.R330W_1,FGFR2_p.R330W,2,2
FGFR2_p.R330W_2,FGFR2_p.R330W,2,2
FGFR2_p.R330W_3,FGFR2_p.R330W,2,2
FGFR2_p.R330W_1,FGFR2_p.R330W,3,4
FGFR2_p.R330W_2,FGFR2_p.R330W,3,4
FGFR2_p.R330W_3,FGFR2_p.R330W,3,3
FGFR2_p.R330W_1,FGFR2_p.R330W,4,3
FGFR2_p.R330W_2,FGFR2_p.R330W,4,4
FGFR2_p.R330W_3,FGFR2_p.R330W,4,3
FGFR2_p.R330W_1,FGFR2_p.R330W,6,4
FGFR2_p.R330W_2,FGFR2_p.R330W,6,4
FGFR2_p.R330W_3,FGFR2_p.R330W,6,4
FGFR2_p.R330W_1,FGFR2_p.R330W,7,3
FGFR2_p.R330W_2,FGFR2_p.R330W,7,3
FGFR2_p.R330W_3,FGFR2_p.R330W,7,3
FGFR2_p.R330W_1,FGFR2_p.R330W,8,3
FGFR2_p.R330W_3,FGFR2_p.R330W,8,3
FGFR2_p.R399*_1,FGFR2_p.R399*,1,1
FGFR2_p.R399*_2,FGFR2_p.R399*,1,1
FGFR2_p.R399*_3,FGFR2_p.R399*,1,1
FGFR2_p.R399*_1,FGFR2_p.R399*,2,1
FGFR2_p.R399*_2,FGFR2_p.R399*,2,4
FGFR2_p.R399*_3,FGFR2_p.R399*,2,4
FGFR2_p.R399*_1,FGFR2_p.R399*,4,1
FGFR2_p.R399*_2,FGFR2_p.R399*,4,1
FGFR2_p.R399*_3,FGFR2_p.R399*,4,1
FGFR2_p.R399*_1,FGFR2_p.R399*,6,1
FGFR2_p.R399*_2,FGFR2_p.R399*,6,1
FGFR2_p.R399*_3,FGFR2_p.R399*,6,1
FGFR2_p.R399*_1,FGFR2_p.R399*,7,1
FGFR2_p.R399*_2,FGFR2_p.R399*,7,1
FGFR2_p.R399*_3,FGFR2_p.R399*,7,3
FGFR2_p.R399Q_1,FGFR2_p.R399Q,1,3
FGFR2_p.R399Q_2,FGFR2_p.R399Q,1,3
FGFR2_p.R399Q_3,FGFR2_p.R399Q,1,3
FGFR2_p.R399Q_1,FGFR2_p.R399Q,2,4
FGFR2_p.R399Q_2,FGFR2_p.R399Q,2,4
FGFR2_p.R399Q_3,FGFR2_p.R399Q,2,4
FGFR2_p.R399Q_1,FGFR2_p.R399Q,4,4
FGFR2_p.R399Q_3,FGFR2_p.R399Q,4,4
FGFR2_p.R399Q_1,FGFR2_p.R399Q,6,4
FGFR2_p.R399Q_2,FGFR2_p.R399Q,6,4
FGFR2_p.R399Q_3,FGFR2_p.R399Q,6,4
FGFR2_p.R399Q_1,FGFR2_p.R399Q,7,3
FGFR2_p.R399Q_2,FGFR2_p.R399Q,7,3
FGFR2_p.R399Q_3,FGFR2_p.R399Q,7,3
FGFR2_p.R625Q_1,FGFR2_p.R625Q,1,1
FGFR2_p.R625Q_2,FGFR2_p.R625Q,1,1
FGFR2_p.R625Q_3,FGFR2_p.R625Q,1,1
FGFR2_p.R625Q_1,FGFR2_p.R625Q,2,1
FGFR2_p.R625Q_2,FGFR2_p.R625Q,2,1
FGFR2_p.R625Q_3,FGFR2_p.R625Q,2,1
FGFR2_p.R625Q_1,FGFR2_p.R625Q,4,1
FGFR2_p.R625Q_2,FGFR2_p.R625Q,4,1
FGFR2_p.R625Q_3,FGFR2_p.R625Q,4,1
FGFR2_p.R625Q_1,FGFR2_p.R625Q,6,1
FGFR2_p.R625Q_2,FGFR2_p.R625Q,6,1
FGFR2_p.R625Q_3,FGFR2_p.R625Q,6,1
FGFR2_p.R625Q_1,FGFR2_p.R625Q,7,1
FGFR2_p.R625Q_2,FGFR2_p.R625Q,7,1
FGFR2_p.R625Q_3,FGFR2_p.R625Q,7,1
FGFR2_p.R664W_1,FGFR2_p.R664W,1,3
FGFR2_p.R664W_2,FGFR2_p.R664W,1,3
FGFR2_p.R664W_3,FGFR2_p.R664W,1,3
FGFR2_p.R664W_1,FGFR2_p.R664W,2,3
FGFR2_p.R664W_2,FGFR2_p.R664W,2,3
FGFR2_p.R664W_3,FGFR2_p.R664W,2,3
FGFR2_p.R664W_1,FGFR2_p.R664W,4,3
FGFR2_p.R664W_2,FGFR2_p.R664W,4,1
FGFR2_p.R664W_3,FGFR2_p.R664W,4,1
FGFR2_p.R664W_1,FGFR2_p.R664W,6,3
FGFR2_p.R664W_2,FGFR2_p.R664W,6,3
FGFR2_p.R664W_3,FGFR2_p.R664W,6,3
FGFR2_p.R664W_1,FGFR2_p.R664W,7,3
FGFR2_p.R664W_2,FGFR2_p.R664W,7,4
FGFR2_p.R664W_3,FGFR2_p.R664W,7,4
FGFR2_p.R6P_1,FGFR2_p.R6P,1,3
FGFR2_p.R6P_2,FGFR2_p.R6P,1,3
FGFR2_p.R6P_3,FGFR2_p.R6P,1,3
FGFR2_p.R6P_1,FGFR2_p.R6P,2,4
FGFR2_p.R6P_2,FGFR2_p.R6P,2,3
FGFR2_p.R6P_3,FGFR2_p.R6P,2,2
FGFR2_p.R6P_1,FGFR2_p.R6P,3,4
FGFR2_p.R6P_2,FGFR2_p.R6P,3,4
FGFR2_p.R6P_3,FGFR2_p.R6P,3,4
FGFR2_p.R6P_1,FGFR2_p.R6P,4,4
FGFR2_p.R6P_3,FGFR2_p.R6P,4,4
FGFR2_p.R6P_1,FGFR2_p.R6P,6,4
FGFR2_p.R6P_2,FGFR2_p.R6P,6,4
FGFR2_p.R6P_3,FGFR2_p.R6P,6,4
FGFR2_p.R6P_1,FGFR2_p.R6P,7,3
FGFR2_p.R6P_2,FGFR2_p.R6P,7,3
FGFR2_p.R6P_3,FGFR2_p.R6P,7,3
FGFR2_p.R6P_1,FGFR2_p.R6P,8,3
FGFR2_p.R6P_2,FGFR2_p.R6P,8,3
FGFR2_p.R6P_3,FGFR2_p.R6P,8,3
FGFR2_p.S252W_1,FGFR2_p.S252W,1,3
FGFR2_p.S252W_2,FGFR2_p.S252W,1,3
FGFR2_p.S252W_3,FGFR2_p.S252W,1,3
FGFR2_p.S252W_1,FGFR2_p.S252W,2,2
FGFR2_p.S252W_2,FGFR2_p.S252W,2,2
FGFR2_p.S252W_3,FGFR2_p.S252W,2,2
FGFR2_p.S252W_1,FGFR2_p.S252W,3,3
FGFR2_p.S252W_2,FGFR2_p.S252W,3,3
FGFR2_p.S252W_3,FGFR2_p.S252W,3,3
FGFR2_p.S252W_1,FGFR2_p.S252W,4,2
FGFR2_p.S252W_2,FGFR2_p.S252W,4,2
FGFR2_p.S252W_3,FGFR2_p.S252W,4,2
FGFR2_p.S252W_1,FGFR2_p.S252W,6,3
FGFR2_p.S252W_2,FGFR2_p.S252W,6,3
FGFR2_p.S252W_3,FGFR2_p.S252W,6,3
FGFR2_p.S252W_1,FGFR2_p.S252W,7,3
FGFR2_p.S252W_2,FGFR2_p.S252W,7,3
FGFR2_p.S252W_3,FGFR2_p.S252W,7,3
FGFR2_p.S252W_1,FGFR2_p.S252W,8,3
FGFR2_p.S252W_3,FGFR2_p.S252W,8,3
FGFR2_p.S791T_1,FGFR2_p.S791T,1,4
FGFR2_p.S791T_2,FGFR2_p.S791T,1,4
FGFR2_p.S791T_3,FGFR2_p.S791T,1,4
FGFR2_p.S791T_1,FGFR2_p.S791T,2,4
FGFR2_p.S791T_2,FGFR2_p.S791T,2,4
FGFR2_p.S791T_3,FGFR2_p.S791T,2,4
FGFR2_p.S791T_1,FGFR2_p.S791T,4,4
FGFR2_p.S791T_2,FGFR2_p.S791T,4,4
FGFR2_p.S791T_3,FGFR2_p.S791T,4,3
FGFR2_p.S791T_1,FGFR2_p.S791T,6,4
FGFR2_p.S791T_2,FGFR2_p.S791T,6,4
FGFR2_p.S791T_3,FGFR2_p.S791T,6,4
FGFR2_p.S791T_1,FGFR2_p.S791T,7,4
FGFR2_p.S791T_2,FGFR2_p.S791T,7,4
FGFR2_p.S791T_3,FGFR2_p.S791T,7,4
FGFR2_p.V392A_1,FGFR2_p.V392A,1,3
FGFR2_p.V392A_2,FGFR2_p.V392A,1,3
FGFR2_p.V392A_3,FGFR2_p.V392A,1,3
FGFR2_p.V392A_1,FGFR2_p.V392A,2,4
FGFR2_p.V392A_2,FGFR2_p.V392A,2,4
FGFR2_p.V392A_3,FGFR2_p.V392A,2,4
FGFR2_p.V392A_1,FGFR2_p.V392A,4,4
FGFR2_p.V392A_3,FGFR2_p.V392A,4,4
FGFR2_p.V392A_1,FGFR2_p.V392A,6,4
FGFR2_p.V392A_2,FGFR2_p.V392A,6,4
FGFR2_p.V392A_3,FGFR2_p.V392A,6,4
FGFR2_p.V392A_1,FGFR2_p.V392A,7,3
FGFR2_p.V392A_2,FGFR2_p.V392A,7,3
FGFR2_p.V392A_3,FGFR2_p.V392A,7,3
FGFR2_p.V395D_1,FGFR2_p.V395D,1,3
FGFR2_p.V395D_2,FGFR2_p.V395D,1,3
FGFR2_p.V395D_3,FGFR2_p.V395D,1,3
FGFR2_p.V395D_1,FGFR2_p.V395D,2,4
FGFR2_p.V395D_2,FGFR2_p.V395D,2,4
FGFR2_p.V395D_3,FGFR2_p.V395D,2,4
FGFR2_p.V395D_1,FGFR2_p.V395D,4,3
FGFR2_p.V395D_2,FGFR2_p.V395D,4,3
FGFR2_p.V395D_3,FGFR2_p.V395D,4,3
FGFR2_p.V395D_1,FGFR2_p.V395D,6,4
FGFR2_p.V395D_2,FGFR2_p.V395D,6,4
FGFR2_p.V395D_3,FGFR2_p.V395D,6,4
FGFR2_p.V395D_1,FGFR2_p.V395D,7,3
FGFR2_p.V395D_2,FGFR2_p.V395D,7,3
FGFR2_p.V395D_3,FGFR2_p.V395D,7,3
FGFR2_p.W290C_1,FGFR2_p.W290C,1,3
FGFR2_p.W290C_2,FGFR2_p.W290C,1,3
FGFR2_p.W290C_3,FGFR2_p.W290C,1,3
FGFR2_p.W290C_1,FGFR2_p.W290C,2,4
FGFR2_p.W290C_2,FGFR2_p.W290C,2,4
FGFR2_p.W290C_3,FGFR2_p.W290C,2,4
FGFR2_p.W290C_1,FGFR2_p.W290C,3,4
FGFR2_p.W290C_2,FGFR2_p.W290C,3,4
FGFR2_p.W290C_3,FGFR2_p.W290C,3,4
FGFR2_p.W290C_1,FGFR2_p.W290C,4,4
FGFR2_p.W290C_2,FGFR2_p.W290C,4,4
FGFR2_p.W290C_3,FGFR2_p.W290C,4,4
FGFR2_p.W290C_1,FGFR2_p.W290C,6,4
FGFR2_p.W290C_2,FGFR2_p.W290C,6,4
FGFR2_p.W290C_3,FGFR2_p.W290C,6,4
FGFR2_p.W290C_1,FGFR2_p.W290C,7,3
FGFR2_p.W290C_2,FGFR2_p.W290C,7,3
FGFR2_p.W290C_3,FGFR2_p.W290C,7,3
FGFR2_p.W290C_2,FGFR2_p.W290C,8,3
FGFR2_p.Y328N_1,FGFR2_p.Y328N,1,3
FGFR2_p.Y328N_2,FGFR2_p.Y328N,1,3
FGFR2_p.Y328N_3,FGFR2_p.Y328N,1,3
FGFR2_p.Y328N_1,FGFR2_p.Y328N,2,4
FGFR2_p.Y328N_2,FGFR2_p.Y328N,2,3
FGFR2_p.Y328N_3,FGFR2_p.Y328N,2,3
FGFR2_p.Y328N_1,FGFR2_p.Y328N,3,4
FGFR2_p.Y328N_2,FGFR2_p.Y328N,3,4
FGFR2_p.Y328N_3,FGFR2_p.Y328N,3,4
FGFR2_p.Y328N_1,FGFR2_p.Y328N,4,4
FGFR2_p.Y328N_2,FGFR2_p.Y328N,4,4
FGFR2_p.Y328N_3,FGFR2_p.Y328N,4,4
FGFR2_p.Y328N_1,FGFR2_p.Y328N,6,4
FGFR2_p.Y328N_2,FGFR2_p.Y328N,6,4
FGFR2_p.Y328N_3,FGFR2_p.Y328N,6,4
FGFR2_p.Y328N_1,FGFR2_p.Y328N,7,3
FGFR2_p.Y328N_2,FGFR2_p.Y328N,7,3
FGFR2_p.Y328N_3,FGFR2_p.Y328N,7,3
FGFR2_p.Y328N_2,FGFR2_p.Y328N,8,3
FGFR2_p.Y375C_1,FGFR2_p.Y375C,1,3
FGFR2_p.Y375C_2,FGFR2_p.Y375C,1,3
FGFR2_p.Y375C_3,FGFR2_p.Y375C,1,3
FGFR2_p.Y375C_1,FGFR2_p.Y375C,2,2
FGFR2_p.Y375C_2,FGFR2_p.Y375C,2,2
FGFR2_p.Y375C_3,FGFR2_p.Y375C,2,2
FGFR2_p.Y375C_1,FGFR2_p.Y375C,3,4
FGFR2_p.Y375C_2,FGFR2_p.Y375C,3,4
FGFR2_p.Y375C_3,FGFR2_p.Y375C,3,4
FGFR2_p.Y375C_1,FGFR2_p.Y375C,4,4
FGFR2_p.Y375C_2,FGFR2_p.Y375C,4,3
FGFR2_p.Y375C_3,FGFR2_p.Y375C,4,4
FGFR2_p.Y375C_1,FGFR2_p.Y375C,6,4
FGFR2_p.Y375C_2,FGFR2_p.Y375C,6,3
FGFR2_p.Y375C_3,FGFR2_p.Y375C,6,3
FGFR2_p.Y375C_1,FGFR2_p.Y375C,7,3
FGFR2_p.Y375C_2,FGFR2_p.Y375C,7,3
FGFR2_p.Y375C_3,FGFR2_p.Y375C,7,3
FGFR2_p.Y375C_2,FGFR2_p.Y375C,8,3
FGFR2_WT_1,FGFR2_WT,1,3
FGFR2_WT_2,FGFR2_WT,1,3
FGFR2_WT_3,FGFR2_WT,1,3
FGFR2_WT_1,FGFR2_WT,2,2
FGFR2_WT_2,FGFR2_WT,2,1
FGFR2_WT_3,FGFR2_WT,2,1
FGFR2_WT_1,FGFR2_WT,3,3
FGFR2_WT_2,FGFR2_WT,3,2
FGFR2_WT_3,FGFR2_WT,3,2
FGFR2_WT_1,FGFR2_WT,4,2
FGFR2_WT_2,FGFR2_WT,4,2
FGFR2_WT_3,FGFR2_WT,4,1
FGFR2_WT_1,FGFR2_WT,6,4
FGFR2_WT_2,FGFR2_WT,6,4
FGFR2_WT_3,FGFR2_WT,6,4
FGFR2_WT_1,FGFR2_WT,7,3
FGFR2_WT_2,FGFR2_WT,7,3
FGFR2_WT_3,FGFR2_WT,7,3
FGFR2_WT_1,FGFR2_WT,8,3
FGFR2_WT_2,FGFR2_WT,8,3
FGFR2_WT_3,FGFR2_WT,8,3
FGFR2-AHCYL1_1,FGFR2-AHCYL1,1,4
FGFR2-AHCYL1_2,FGFR2-AHCYL1,1,4
FGFR2-AHCYL1_3,FGFR2-AHCYL1,1,4
FGFR2-AHCYL1_1,FGFR2-AHCYL1,5,4
FGFR2-AHCYL1_2,FGFR2-AHCYL1,5,4
FGFR2-AHCYL1_3,FGFR2-AHCYL1,5,4
FGFR2-AHCYL1_1,FGFR2-AHCYL1,6,4
FGFR2-AHCYL1_2,FGFR2-AHCYL1,6,4
FGFR2-AHCYL1_3,FGFR2-AHCYL1,6,4
FGFR2-CCDC6_1,FGFR2-CCDC6,1,4
FGFR2-CCDC6_2,FGFR2-CCDC6,1,4
FGFR2-CCDC6_3,FGFR2-CCDC6,1,4
FGFR2-CCDC6_1,FGFR2-CCDC6,5,4
FGFR2-CCDC6_2,FGFR2-CCDC6,5,4
FGFR2-CCDC6_3,FGFR2-CCDC6,5,4
FGFR2-CCDC6_1,FGFR2-CCDC6,6,4
FGFR2-CCDC6_2,FGFR2-CCDC6,6,4
FGFR2-CCDC6_3,FGFR2-CCDC6,6,4
FGFR2-KIAA1598_1,FGFR2-KIAA1598,1,4
FGFR2-KIAA1598_2,FGFR2-KIAA1598,1,4
FGFR2-KIAA1598_3,FGFR2-KIAA1598,1,4
FGFR2-KIAA1598_1,FGFR2-KIAA1598,5,4
FGFR2-KIAA1598_2,FGFR2-KIAA1598,5,4
FGFR2-KIAA1598_3,FGFR2-KIAA1598,5,4
FGFR2-KIAA1598_1,FGFR2-KIAA1598,6,4
FGFR2-KIAA1598_2,FGFR2-KIAA1598,6,4
FGFR2-KIAA1598_3,FGFR2-KIAA1598,6,4
FGFR2-PPHLN1_1,FGFR2-PPHLN1,1,3
FGFR2-PPHLN1_2,FGFR2-PPHLN1,1,3
FGFR2-PPHLN1_3,FGFR2-PPHLN1,1,3
FGFR2-PPHLN1_1,FGFR2-PPHLN1,5,4
FGFR2-PPHLN1_2,FGFR2-PPHLN1,5,4
FGFR2-PPHLN1_3,FGFR2-PPHLN1,5,4
FGFR2-PPHLN1_1,FGFR2-PPHLN1,6,4
FGFR2-PPHLN1_2,FGFR2-PPHLN1,6,4
FGFR2-PPHLN1_3,FGFR2-PPHLN1,6,4
FGFR3_p.A257V_1,FGFR3_p.A257V,1,1
FGFR3_p.A257V_2,FGFR3_p.A257V,1,1
FGFR3_p.A257V_3,FGFR3_p.A257V,1,1
FGFR3_p.A257V_1,FGFR3_p.A257V,4,1
FGFR3_p.A257V_2,FGFR3_p.A257V,4,1
FGFR3_p.A257V_3,FGFR3_p.A257V,4,1
FGFR3_p.A257V_1,FGFR3_p.A257V,6,1
FGFR3_p.A257V_2,FGFR3_p.A257V,6,1
FGFR3_p.A257V_3,FGFR3_p.A257V,6,1
FGFR3_p.A257V_1,FGFR3_p.A257V,7,1
FGFR3_p.A257V_2,FGFR3_p.A257V,7,1
FGFR3_p.A257V_3,FGFR3_p.A257V,7,1
FGFR3_p.A265T_1,FGFR3_p.A265T,1,1
FGFR3_p.A265T_2,FGFR3_p.A265T,1,1
FGFR3_p.A265T_3,FGFR3_p.A265T,1,1
FGFR3_p.A265T_1,FGFR3_p.A265T,4,1
FGFR3_p.A265T_2,FGFR3_p.A265T,4,1
FGFR3_p.A265T_3,FGFR3_p.A265T,4,1
FGFR3_p.A265T_1,FGFR3_p.A265T,6,1
FGFR3_p.A265T_2,FGFR3_p.A265T,6,1
FGFR3_p.A265T_3,FGFR3_p.A265T,6,1
FGFR3_p.A265T_1,FGFR3_p.A265T,7,1
FGFR3_p.A265T_2,FGFR3_p.A265T,7,1
FGFR3_p.A265T_3,FGFR3_p.A265T,7,1
FGFR3_p.A265V_1,FGFR3_p.A265V,1,2
FGFR3_p.A265V_2,FGFR3_p.A265V,1,1
FGFR3_p.A265V_3,FGFR3_p.A265V,1,2
FGFR3_p.A265V_1,FGFR3_p.A265V,4,1
FGFR3_p.A265V_2,FGFR3_p.A265V,4,1
FGFR3_p.A265V_3,FGFR3_p.A265V,4,2
FGFR3_p.A265V_1,FGFR3_p.A265V,6,1
FGFR3_p.A265V_2,FGFR3_p.A265V,6,1
FGFR3_p.A265V_3,FGFR3_p.A265V,6,1
FGFR3_p.A265V_1,FGFR3_p.A265V,7,1
FGFR3_p.A265V_2,FGFR3_p.A265V,7,1
FGFR3_p.A265V_3,FGFR3_p.A265V,7,2
FGFR3_p.A391E_1,FGFR3_p.A391E,1,1
FGFR3_p.A391E_2,FGFR3_p.A391E,1,3
FGFR3_p.A391E_3,FGFR3_p.A391E,1,3
FGFR3_p.A391E_1,FGFR3_p.A391E,4,1
FGFR3_p.A391E_2,FGFR3_p.A391E,4,4
FGFR3_p.A391E_3,FGFR3_p.A391E,4,4
FGFR3_p.A391E_1,FGFR3_p.A391E,6,1
FGFR3_p.A391E_2,FGFR3_p.A391E,6,3
FGFR3_p.A391E_3,FGFR3_p.A391E,6,3
FGFR3_p.A391E_1,FGFR3_p.A391E,7,3
FGFR3_p.A391E_2,FGFR3_p.A391E,7,3
FGFR3_p.A391E_3,FGFR3_p.A391E,7,3
FGFR3_p.A391V_1,FGFR3_p.A391V,1,3
FGFR3_p.A391V_2,FGFR3_p.A391V,1,3
FGFR3_p.A391V_3,FGFR3_p.A391V,1,3
FGFR3_p.A391V_1,FGFR3_p.A391V,4,2
FGFR3_p.A391V_2,FGFR3_p.A391V,4,2
FGFR3_p.A391V_3,FGFR3_p.A391V,4,3
FGFR3_p.A391V_1,FGFR3_p.A391V,6,4
FGFR3_p.A391V_2,FGFR3_p.A391V,6,3
FGFR3_p.A391V_3,FGFR3_p.A391V,6,4
FGFR3_p.A391V_1,FGFR3_p.A391V,7,3
FGFR3_p.A391V_2,FGFR3_p.A391V,7,3
FGFR3_p.A391V_3,FGFR3_p.A391V,7,3
FGFR3_p.D641N_1,FGFR3_p.D641N,1,1
FGFR3_p.D641N_2,FGFR3_p.D641N,1,1
FGFR3_p.D641N_3,FGFR3_p.D641N,1,1
FGFR3_p.D641N_1,FGFR3_p.D641N,4,1
FGFR3_p.D641N_2,FGFR3_p.D641N,4,1
FGFR3_p.D641N_3,FGFR3_p.D641N,4,1
FGFR3_p.D641N_1,FGFR3_p.D641N,6,1
FGFR3_p.D641N_2,FGFR3_p.D641N,6,1
FGFR3_p.D641N_3,FGFR3_p.D641N,6,1
FGFR3_p.D641N_1,FGFR3_p.D641N,7,1
FGFR3_p.D641N_2,FGFR3_p.D641N,7,1
FGFR3_p.D641N_3,FGFR3_p.D641N,7,1
FGFR3_p.E140K_1,FGFR3_p.E140K,1,1
FGFR3_p.E140K_2,FGFR3_p.E140K,1,1
FGFR3_p.E140K_3,FGFR3_p.E140K,1,1
FGFR3_p.E140K_1,FGFR3_p.E140K,4,1
FGFR3_p.E140K_2,FGFR3_p.E140K,4,3
FGFR3_p.E140K_3,FGFR3_p.E140K,4,1
FGFR3_p.E140K_1,FGFR3_p.E140K,6,1
FGFR3_p.E140K_2,FGFR3_p.E140K,6,1
FGFR3_p.E140K_3,FGFR3_p.E140K,6,1
FGFR3_p.E140K_1,FGFR3_p.E140K,7,1
FGFR3_p.E140K_2,FGFR3_p.E140K,7,1
FGFR3_p.E140K_3,FGFR3_p.E140K,7,1
FGFR3_p.E194K_1,FGFR3_p.E194K,1,1
FGFR3_p.E194K_2,FGFR3_p.E194K,1,1
FGFR3_p.E194K_3,FGFR3_p.E194K,1,1
FGFR3_p.E194K_1,FGFR3_p.E194K,4,1
FGFR3_p.E194K_2,FGFR3_p.E194K,4,1
FGFR3_p.E194K_3,FGFR3_p.E194K,4,1
FGFR3_p.E194K_1,FGFR3_p.E194K,6,1
FGFR3_p.E194K_2,FGFR3_p.E194K,6,1
FGFR3_p.E194K_3,FGFR3_p.E194K,6,1
FGFR3_p.E194K_1,FGFR3_p.E194K,7,2
FGFR3_p.E194K_2,FGFR3_p.E194K,7,1
FGFR3_p.E194K_3,FGFR3_p.E194K,7,1
FGFR3_p.E322K_1,FGFR3_p.E322K,1,1
FGFR3_p.E322K_2,FGFR3_p.E322K,1,1
FGFR3_p.E322K_3,FGFR3_p.E322K,1,1
FGFR3_p.E322K_1,FGFR3_p.E322K,4,1
FGFR3_p.E322K_2,FGFR3_p.E322K,4,1
FGFR3_p.E322K_3,FGFR3_p.E322K,4,2
FGFR3_p.E322K_1,FGFR3_p.E322K,6,1
FGFR3_p.E322K_2,FGFR3_p.E322K,6,1
FGFR3_p.E322K_3,FGFR3_p.E322K,6,1
FGFR3_p.E322K_1,FGFR3_p.E322K,7,1
FGFR3_p.E322K_2,FGFR3_p.E322K,7,1
FGFR3_p.E322K_3,FGFR3_p.E322K,7,1
FGFR3_p.E686K_1,FGFR3_p.E686K,1,1
FGFR3_p.E686K_2,FGFR3_p.E686K,1,1
FGFR3_p.E686K_3,FGFR3_p.E686K,1,1
FGFR3_p.E686K_1,FGFR3_p.E686K,6,1
FGFR3_p.E686K_2,FGFR3_p.E686K,6,1
FGFR3_p.E686K_3,FGFR3_p.E686K,6,1
FGFR3_p.E686K_1,FGFR3_p.E686K,7,1
FGFR3_p.E686K_2,FGFR3_p.E686K,7,1
FGFR3_p.E686K_3,FGFR3_p.E686K,7,1
FGFR3_p.F384L_1,FGFR3_p.F384L,1,1
FGFR3_p.F384L_2,FGFR3_p.F384L,1,1
FGFR3_p.F384L_3,FGFR3_p.F384L,1,1
FGFR3_p.F384L_1,FGFR3_p.F384L,4,1
FGFR3_p.F384L_2,FGFR3_p.F384L,4,1
FGFR3_p.F384L_3,FGFR3_p.F384L,4,1
FGFR3_p.F384L_1,FGFR3_p.F384L,6,1
FGFR3_p.F384L_2,FGFR3_p.F384L,6,1
FGFR3_p.F384L_3,FGFR3_p.F384L,6,1
FGFR3_p.F384L_1,FGFR3_p.F384L,7,1
FGFR3_p.F384L_2,FGFR3_p.F384L,7,1
FGFR3_p.F384L_3,FGFR3_p.F384L,7,1
FGFR3_p.G346E_1,FGFR3_p.G346E,1,1
FGFR3_p.G346E_2,FGFR3_p.G346E,1,1
FGFR3_p.G346E_3,FGFR3_p.G346E,1,1
FGFR3_p.G346E_1,FGFR3_p.G346E,4,1
FGFR3_p.G346E_2,FGFR3_p.G346E,4,1
FGFR3_p.G346E_3,FGFR3_p.G346E,4,1
FGFR3_p.G346E_1,FGFR3_p.G346E,6,1
FGFR3_p.G346E_2,FGFR3_p.G346E,6,1
FGFR3_p.G346E_3,FGFR3_p.G346E,6,1
FGFR3_p.G346E_1,FGFR3_p.G346E,7,1
FGFR3_p.G346E_2,FGFR3_p.G346E,7,1
FGFR3_p.G346E_3,FGFR3_p.G346E,7,1
FGFR3_p.G370C_1,FGFR3_p.G370C,1,3
FGFR3_p.G370C_2,FGFR3_p.G370C,1,3
FGFR3_p.G370C_3,FGFR3_p.G370C,1,3
FGFR3_p.G370C_1,FGFR3_p.G370C,4,3
FGFR3_p.G370C_2,FGFR3_p.G370C,4,3
FGFR3_p.G370C_3,FGFR3_p.G370C,4,3
FGFR3_p.G370C_1,FGFR3_p.G370C,6,3
FGFR3_p.G370C_2,FGFR3_p.G370C,6,3
FGFR3_p.G370C_3,FGFR3_p.G370C,6,3
FGFR3_p.G370C_1,FGFR3_p.G370C,7,3
FGFR3_p.G370C_2,FGFR3_p.G370C,7,3
FGFR3_p.G370C_3,FGFR3_p.G370C,7,3
FGFR3_p.G380E_1,FGFR3_p.G380E,1,4
FGFR3_p.G380E_2,FGFR3_p.G380E,1,3
FGFR3_p.G380E_3,FGFR3_p.G380E,1,4
FGFR3_p.G380E_1,FGFR3_p.G380E,4,3
FGFR3_p.G380E_2,FGFR3_p.G380E,4,3
FGFR3_p.G380E_3,FGFR3_p.G380E,4,3
FGFR3_p.G380E_1,FGFR3_p.G380E,6,3
FGFR3_p.G380E_2,FGFR3_p.G380E,6,3
FGFR3_p.G380E_3,FGFR3_p.G380E,6,3
FGFR3_p.G380E_1,FGFR3_p.G380E,7,3
FGFR3_p.G380E_2,FGFR3_p.G380E,7,3
FGFR3_p.G380E_3,FGFR3_p.G380E,7,3
FGFR3_p.G380R_1,FGFR3_p.G380R,1,3
FGFR3_p.G380R_2,FGFR3_p.G380R,1,3
FGFR3_p.G380R_3,FGFR3_p.G380R,1,3
FGFR3_p.G380R_1,FGFR3_p.G380R,4,3
FGFR3_p.G380R_2,FGFR3_p.G380R,4,3
FGFR3_p.G380R_3,FGFR3_p.G380R,4,3
FGFR3_p.G380R_1,FGFR3_p.G380R,6,3
FGFR3_p.G380R_2,FGFR3_p.G380R,6,3
FGFR3_p.G380R_3,FGFR3_p.G380R,6,3
FGFR3_p.G380R_1,FGFR3_p.G380R,7,3
FGFR3_p.G380R_2,FGFR3_p.G380R,7,3
FGFR3_p.G380R_3,FGFR3_p.G380R,7,3
FGFR3_p.G66fs*32_1,FGFR3_p.G66fs*32,1,1
FGFR3_p.G66fs*32_2,FGFR3_p.G66fs*32,1,1
FGFR3_p.G66fs*32_3,FGFR3_p.G66fs*32,1,2
FGFR3_p.G66fs*32_1,FGFR3_p.G66fs*32,4,2
FGFR3_p.G66fs*32_2,FGFR3_p.G66fs*32,4,1
FGFR3_p.G66fs*32_3,FGFR3_p.G66fs*32,4,1
FGFR3_p.G66fs*32_1,FGFR3_p.G66fs*32,6,1
FGFR3_p.G66fs*32_2,FGFR3_p.G66fs*32,6,1
FGFR3_p.G66fs*32_3,FGFR3_p.G66fs*32,6,1
FGFR3_p.G66fs*32_1,FGFR3_p.G66fs*32,7,1
FGFR3_p.G66fs*32_2,FGFR3_p.G66fs*32,7,1
FGFR3_p.G66fs*32_3,FGFR3_p.G66fs*32,7,1
FGFR3_p.G697C_1,FGFR3_p.G697C,1,1
FGFR3_p.G697C_2,FGFR3_p.G697C,1,1
FGFR3_p.G697C_3,FGFR3_p.G697C,1,1
FGFR3_p.G697C_1,FGFR3_p.G697C,6,1
FGFR3_p.G697C_2,FGFR3_p.G697C,6,1
FGFR3_p.G697C_3,FGFR3_p.G697C,6,1
FGFR3_p.G697C_1,FGFR3_p.G697C,7,1
FGFR3_p.G697C_2,FGFR3_p.G697C,7,1
FGFR3_p.G697C_3,FGFR3_p.G697C,7,1
FGFR3_p.H284fs*10_1,FGFR3_p.H284fs*10,1,2
FGFR3_p.H284fs*10_2,FGFR3_p.H284fs*10,1,2
FGFR3_p.H284fs*10_3,FGFR3_p.H284fs*10,1,1
FGFR3_p.H284fs*10_1,FGFR3_p.H284fs*10,4,1
FGFR3_p.H284fs*10_2,FGFR3_p.H284fs*10,4,3
FGFR3_p.H284fs*10_3,FGFR3_p.H284fs*10,4,1
FGFR3_p.H284fs*10_1,FGFR3_p.H284fs*10,6,2
FGFR3_p.H284fs*10_2,FGFR3_p.H284fs*10,6,1
FGFR3_p.H284fs*10_3,FGFR3_p.H284fs*10,6,1
FGFR3_p.H284fs*10_1,FGFR3_p.H284fs*10,7,3
FGFR3_p.H284fs*10_2,FGFR3_p.H284fs*10,7,2
FGFR3_p.H284fs*10_3,FGFR3_p.H284fs*10,7,1
FGFR3_p.K403fs*93_1,FGFR3_p.K403fs*93,1,1
FGFR3_p.K403fs*93_2,FGFR3_p.K403fs*93,1,1
FGFR3_p.K403fs*93_3,FGFR3_p.K403fs*93,1,1
FGFR3_p.K403fs*93_1,FGFR3_p.K403fs*93,4,1
FGFR3_p.K403fs*93_2,FGFR3_p.K403fs*93,4,1
FGFR3_p.K403fs*93_3,FGFR3_p.K403fs*93,4,1
FGFR3_p.K403fs*93_1,FGFR3_p.K403fs*93,6,1
FGFR3_p.K403fs*93_2,FGFR3_p.K403fs*93,6,1
FGFR3_p.K403fs*93_3,FGFR3_p.K403fs*93,6,1
FGFR3_p.K403fs*93_1,FGFR3_p.K403fs*93,7,1
FGFR3_p.K403fs*93_2,FGFR3_p.K403fs*93,7,1
FGFR3_p.K403fs*93_3,FGFR3_p.K403fs*93,7,1
FGFR3_p.K650E_1,FGFR3_p.K650E,1,1
FGFR3_p.K650E_2,FGFR3_p.K650E,1,4
FGFR3_p.K650E_3,FGFR3_p.K650E,1,4
FGFR3_p.K650E_1,FGFR3_p.K650E,6,1
FGFR3_p.K650E_2,FGFR3_p.K650E,6,4
FGFR3_p.K650E_3,FGFR3_p.K650E,6,4
FGFR3_p.K650E_1,FGFR3_p.K650E,7,4
FGFR3_p.K650E_2,FGFR3_p.K650E,7,4
FGFR3_p.K650E_3,FGFR3_p.K650E,7,4
FGFR3_p.K650M_1,FGFR3_p.K650M,1,4
FGFR3_p.K650M_2,FGFR3_p.K650M,1,4
FGFR3_p.K650M_3,FGFR3_p.K650M,1,3
FGFR3_p.K650M_1,FGFR3_p.K650M,6,4
FGFR3_p.K650M_2,FGFR3_p.K650M,6,4
FGFR3_p.K650M_3,FGFR3_p.K650M,6,4
FGFR3_p.K650M_1,FGFR3_p.K650M,7,4
FGFR3_p.K650M_2,FGFR3_p.K650M,7,4
FGFR3_p.K650M_3,FGFR3_p.K650M,7,3
FGFR3_p.K650N_1,FGFR3_p.K650N,1,4
FGFR3_p.K650N_2,FGFR3_p.K650N,1,4
FGFR3_p.K650N_3,FGFR3_p.K650N,1,4
FGFR3_p.K650N_1,FGFR3_p.K650N,6,4
FGFR3_p.K650N_2,FGFR3_p.K650N,6,4
FGFR3_p.K650N_3,FGFR3_p.K650N,6,4
FGFR3_p.K650N_1,FGFR3_p.K650N,7,4
FGFR3_p.K650N_2,FGFR3_p.K650N,7,4
FGFR3_p.K650N_3,FGFR3_p.K650N,7,4
FGFR3_p.K650Q_1,FGFR3_p.K650Q,1,3
FGFR3_p.K650Q_2,FGFR3_p.K650Q,1,4
FGFR3_p.K650Q_3,FGFR3_p.K650Q,1,4
FGFR3_p.K650Q_2,FGFR3_p.K650Q,6,4
FGFR3_p.K650Q_3,FGFR3_p.K650Q,6,4
FGFR3_p.K650Q_1,FGFR3_p.K650Q,7,4
FGFR3_p.K650Q_2,FGFR3_p.K650Q,7,4
FGFR3_p.K650Q_3,FGFR3_p.K650Q,7,4
FGFR3_p.K650T_1,FGFR3_p.K650T,1,4
FGFR3_p.K650T_2,FGFR3_p.K650T,1,4
FGFR3_p.K650T_3,FGFR3_p.K650T,1,4
FGFR3_p.K650T_1,FGFR3_p.K650T,6,4
FGFR3_p.K650T_2,FGFR3_p.K650T,6,4
FGFR3_p.K650T_3,FGFR3_p.K650T,6,4
FGFR3_p.K650T_1,FGFR3_p.K650T,7,4
FGFR3_p.K650T_2,FGFR3_p.K650T,7,4
FGFR3_p.K650T_3,FGFR3_p.K650T,7,4
FGFR3_p.P283S_1,FGFR3_p.P283S,1,1
FGFR3_p.P283S_2,FGFR3_p.P283S,1,1
FGFR3_p.P283S_3,FGFR3_p.P283S,1,1
FGFR3_p.P283S_1,FGFR3_p.P283S,4,2
FGFR3_p.P283S_2,FGFR3_p.P283S,4,1
FGFR3_p.P283S_3,FGFR3_p.P283S,4,1
FGFR3_p.P283S_1,FGFR3_p.P283S,6,1
FGFR3_p.P283S_2,FGFR3_p.P283S,6,1
FGFR3_p.P283S_3,FGFR3_p.P283S,6,1
FGFR3_p.P283S_1,FGFR3_p.P283S,7,1
FGFR3_p.P283S_2,FGFR3_p.P283S,7,1
FGFR3_p.P283S_3,FGFR3_p.P283S,7,1
FGFR3_p.P63S_1,FGFR3_p.P63S,1,1
FGFR3_p.P63S_2,FGFR3_p.P63S,1,1
FGFR3_p.P63S_3,FGFR3_p.P63S,1,1
FGFR3_p.P63S_1,FGFR3_p.P63S,4,1
FGFR3_p.P63S_2,FGFR3_p.P63S,4,1
FGFR3_p.P63S_3,FGFR3_p.P63S,4,1
FGFR3_p.P63S_1,FGFR3_p.P63S,6,1
FGFR3_p.P63S_2,FGFR3_p.P63S,6,1
FGFR3_p.P63S_3,FGFR3_p.P63S,6,1
FGFR3_p.P63S_1,FGFR3_p.P63S,7,1
FGFR3_p.P63S_2,FGFR3_p.P63S,7,1
FGFR3_p.P63S_3,FGFR3_p.P63S,7,1
FGFR3_p.P716H_1,FGFR3_p.P716H,1,1
FGFR3_p.P716H_2,FGFR3_p.P716H,1,1
FGFR3_p.P716H_3,FGFR3_p.P716H,1,1
FGFR3_p.P716H_1,FGFR3_p.P716H,6,1
FGFR3_p.P716H_2,FGFR3_p.P716H,6,1
FGFR3_p.P716H_3,FGFR3_p.P716H,6,1
FGFR3_p.P716H_1,FGFR3_p.P716H,7,1
FGFR3_p.P716H_2,FGFR3_p.P716H,7,1
FGFR3_p.P716H_3,FGFR3_p.P716H,7,1
FGFR3_p.Q209H_1,FGFR3_p.Q209H,1,1
FGFR3_p.Q209H_2,FGFR3_p.Q209H,1,1
FGFR3_p.Q209H_3,FGFR3_p.Q209H,1,1
FGFR3_p.Q209H_1,FGFR3_p.Q209H,4,1
FGFR3_p.Q209H_2,FGFR3_p.Q209H,4,1
FGFR3_p.Q209H_3,FGFR3_p.Q209H,4,1
FGFR3_p.Q209H_1,FGFR3_p.Q209H,6,1
FGFR3_p.Q209H_2,FGFR3_p.Q209H,6,1
FGFR3_p.Q209H_3,FGFR3_p.Q209H,6,1
FGFR3_p.Q209H_1,FGFR3_p.Q209H,7,2
FGFR3_p.Q209H_2,FGFR3_p.Q209H,7,1
FGFR3_p.Q209H_3,FGFR3_p.Q209H,7,1
FGFR3_p.R248_S249insC_1,FGFR3_p.R248_S249insC,1,3
FGFR3_p.R248_S249insC_2,FGFR3_p.R248_S249insC,1,3
FGFR3_p.R248_S249insC_3,FGFR3_p.R248_S249insC,1,3
FGFR3_p.R248_S249insC_1,FGFR3_p.R248_S249insC,4,3
FGFR3_p.R248_S249insC_2,FGFR3_p.R248_S249insC,4,3
FGFR3_p.R248_S249insC_3,FGFR3_p.R248_S249insC,4,3
FGFR3_p.R248_S249insC_1,FGFR3_p.R248_S249insC,6,3
FGFR3_p.R248_S249insC_2,FGFR3_p.R248_S249insC,6,3
FGFR3_p.R248_S249insC_3,FGFR3_p.R248_S249insC,6,3
FGFR3_p.R248_S249insC_1,FGFR3_p.R248_S249insC,7,3
FGFR3_p.R248_S249insC_2,FGFR3_p.R248_S249insC,7,3
FGFR3_p.R248_S249insC_3,FGFR3_p.R248_S249insC,7,3
FGFR3_p.R248C_1,FGFR3_p.R248C,1,3
FGFR3_p.R248C_2,FGFR3_p.R248C,1,3
FGFR3_p.R248C_3,FGFR3_p.R248C,1,3
FGFR3_p.R248C_1,FGFR3_p.R248C,4,3
FGFR3_p.R248C_2,FGFR3_p.R248C,4,3
FGFR3_p.R248C_3,FGFR3_p.R248C,4,3
FGFR3_p.R248C_1,FGFR3_p.R248C,6,3
FGFR3_p.R248C_2,FGFR3_p.R248C,6,3
FGFR3_p.R248C_3,FGFR3_p.R248C,6,3
FGFR3_p.R248C_1,FGFR3_p.R248C,7,3
FGFR3_p.R248C_2,FGFR3_p.R248C,7,3
FGFR3_p.R248C_3,FGFR3_p.R248C,7,3
FGFR3_p.R248H_1,FGFR3_p.R248H,1,1
FGFR3_p.R248H_2,FGFR3_p.R248H,1,1
FGFR3_p.R248H_3,FGFR3_p.R248H,1,1
FGFR3_p.R248H_1,FGFR3_p.R248H,4,1
FGFR3_p.R248H_2,FGFR3_p.R248H,4,1
FGFR3_p.R248H_3,FGFR3_p.R248H,4,1
FGFR3_p.R248H_1,FGFR3_p.R248H,6,1
FGFR3_p.R248H_2,FGFR3_p.R248H,6,1
FGFR3_p.R248H_3,FGFR3_p.R248H,6,1
FGFR3_p.R248H_1,FGFR3_p.R248H,7,1
FGFR3_p.R248H_2,FGFR3_p.R248H,7,1
FGFR3_p.R248H_3,FGFR3_p.R248H,7,1
FGFR3_p.R603Q_1,FGFR3_p.R603Q,1,1
FGFR3_p.R603Q_2,FGFR3_p.R603Q,1,1
FGFR3_p.R603Q_3,FGFR3_p.R603Q,1,1
FGFR3_p.R603Q_1,FGFR3_p.R603Q,4,1
FGFR3_p.R603Q_2,FGFR3_p.R603Q,4,2
FGFR3_p.R603Q_3,FGFR3_p.R603Q,4,1
FGFR3_p.R603Q_1,FGFR3_p.R603Q,6,1
FGFR3_p.R603Q_2,FGFR3_p.R603Q,6,1
FGFR3_p.R603Q_3,FGFR3_p.R603Q,6,1
FGFR3_p.R603Q_1,FGFR3_p.R603Q,7,1
FGFR3_p.R603Q_2,FGFR3_p.R603Q,7,1
FGFR3_p.R603Q_3,FGFR3_p.R603Q,7,1
FGFR3_p.R621H_1,FGFR3_p.R621H,1,1
FGFR3_p.R621H_2,FGFR3_p.R621H,1,1
FGFR3_p.R621H_3,FGFR3_p.R621H,1,1
FGFR3_p.R621H_1,FGFR3_p.R621H,4,1
FGFR3_p.R621H_2,FGFR3_p.R621H,4,1
FGFR3_p.R621H_3,FGFR3_p.R621H,4,1
FGFR3_p.R621H_1,FGFR3_p.R621H,6,1
FGFR3_p.R621H_2,FGFR3_p.R621H,6,1
FGFR3_p.R621H_3,FGFR3_p.R621H,6,1
FGFR3_p.R621H_1,FGFR3_p.R621H,7,1
FGFR3_p.R621H_2,FGFR3_p.R621H,7,1
FGFR3_p.R621H_3,FGFR3_p.R621H,7,1
FGFR3_p.R640W_1,FGFR3_p.R640W,1,1
FGFR3_p.R640W_2,FGFR3_p.R640W,1,1
FGFR3_p.R640W_3,FGFR3_p.R640W,1,1
FGFR3_p.R640W_1,FGFR3_p.R640W,4,2
FGFR3_p.R640W_2,FGFR3_p.R640W,4,2
FGFR3_p.R640W_3,FGFR3_p.R640W,4,1
FGFR3_p.R640W_1,FGFR3_p.R640W,6,1
FGFR3_p.R640W_2,FGFR3_p.R640W,6,1
FGFR3_p.R640W_3,FGFR3_p.R640W,6,1
FGFR3_p.R640W_1,FGFR3_p.R640W,7,1
FGFR3_p.R640W_2,FGFR3_p.R640W,7,1
FGFR3_p.R640W_3,FGFR3_p.R640W,7,1
FGFR3_p.S249C_1,FGFR3_p.S249C,1,3
FGFR3_p.S249C_2,FGFR3_p.S249C,1,3
FGFR3_p.S249C_3,FGFR3_p.S249C,1,3
FGFR3_p.S249C_1,FGFR3_p.S249C,4,3
FGFR3_p.S249C_2,FGFR3_p.S249C,4,3
FGFR3_p.S249C_3,FGFR3_p.S249C,4,3
FGFR3_p.S249C_1,FGFR3_p.S249C,6,3
FGFR3_p.S249C_2,FGFR3_p.S249C,6,3
FGFR3_p.S249C_3,FGFR3_p.S249C,6,3
FGFR3_p.S249C_1,FGFR3_p.S249C,7,3
FGFR3_p.S249C_2,FGFR3_p.S249C,7,3
FGFR3_p.S249C_3,FGFR3_p.S249C,7,3
FGFR3_p.S371C_1,FGFR3_p.S371C,1,3
FGFR3_p.S371C_2,FGFR3_p.S371C,1,3
FGFR3_p.S371C_3,FGFR3_p.S371C,1,3
FGFR3_p.S371C_1,FGFR3_p.S371C,4,3
FGFR3_p.S371C_2,FGFR3_p.S371C,4,3
FGFR3_p.S371C_3,FGFR3_p.S371C,4,3
FGFR3_p.S371C_1,FGFR3_p.S371C,6,3
FGFR3_p.S371C_2,FGFR3_p.S371C,6,3
FGFR3_p.S371C_3,FGFR3_p.S371C,6,3
FGFR3_p.S371C_1,FGFR3_p.S371C,7,3
FGFR3_p.S371C_2,FGFR3_p.S371C,7,3
FGFR3_p.S371C_3,FGFR3_p.S371C,7,3
FGFR3_p.T311fs*55_1,FGFR3_p.T311fs*55,1,1
FGFR3_p.T311fs*55_2,FGFR3_p.T311fs*55,1,1
FGFR3_p.T311fs*55_3,FGFR3_p.T311fs*55,1,1
FGFR3_p.T311fs*55_1,FGFR3_p.T311fs*55,4,2
FGFR3_p.T311fs*55_2,FGFR3_p.T311fs*55,4,1
FGFR3_p.T311fs*55_3,FGFR3_p.T311fs*55,4,1
FGFR3_p.T311fs*55_1,FGFR3_p.T311fs*55,6,1
FGFR3_p.T311fs*55_2,FGFR3_p.T311fs*55,6,1
FGFR3_p.T311fs*55_3,FGFR3_p.T311fs*55,6,1
FGFR3_p.T311fs*55_1,FGFR3_p.T311fs*55,7,1
FGFR3_p.T311fs*55_2,FGFR3_p.T311fs*55,7,1
FGFR3_p.T311fs*55_3,FGFR3_p.T311fs*55,7,1
FGFR3_p.T689M_1,FGFR3_p.T689M,1,1
FGFR3_p.T689M_2,FGFR3_p.T689M,1,1
FGFR3_p.T689M_3,FGFR3_p.T689M,1,1
FGFR3_p.T689M_1,FGFR3_p.T689M,6,1
FGFR3_p.T689M_2,FGFR3_p.T689M,6,1
FGFR3_p.T689M_3,FGFR3_p.T689M,6,1
FGFR3_p.T689M_1,FGFR3_p.T689M,7,1
FGFR3_p.T689M_2,FGFR3_p.T689M,7,1
FGFR3_p.T689M_3,FGFR3_p.T689M,7,1
FGFR3_p.T79S_1,FGFR3_p.T79S,1,2
FGFR3_p.T79S_2,FGFR3_p.T79S,1,1
FGFR3_p.T79S_3,FGFR3_p.T79S,1,1
FGFR3_p.T79S_1,FGFR3_p.T79S,4,1
FGFR3_p.T79S_2,FGFR3_p.T79S,4,1
FGFR3_p.T79S_3,FGFR3_p.T79S,4,3
FGFR3_p.T79S_1,FGFR3_p.T79S,6,1
FGFR3_p.T79S_2,FGFR3_p.T79S,6,1
FGFR3_p.T79S_3,FGFR3_p.T79S,6,1
FGFR3_p.T79S_1,FGFR3_p.T79S,7,1
FGFR3_p.T79S_2,FGFR3_p.T79S,7,1
FGFR3_p.T79S_3,FGFR3_p.T79S,7,1
FGFR3_p.Y373C_1,FGFR3_p.Y373C,1,3
FGFR3_p.Y373C_2,FGFR3_p.Y373C,1,3
FGFR3_p.Y373C_3,FGFR3_p.Y373C,1,3
FGFR3_p.Y373C_1,FGFR3_p.Y373C,4,3
FGFR3_p.Y373C_2,FGFR3_p.Y373C,4,3
FGFR3_p.Y373C_3,FGFR3_p.Y373C,4,3
FGFR3_p.Y373C_1,FGFR3_p.Y373C,6,3
FGFR3_p.Y373C_2,FGFR3_p.Y373C,6,3
FGFR3_p.Y373C_3,FGFR3_p.Y373C,6,3
FGFR3_p.Y373C_1,FGFR3_p.Y373C,7,3
FGFR3_p.Y373C_2,FGFR3_p.Y373C,7,3
FGFR3_p.Y373C_3,FGFR3_p.Y373C,7,3
FGFR3_WT_1,FGFR3_WT,1,1
FGFR3_WT_2,FGFR3_WT,1,1
FGFR3_WT_3,FGFR3_WT,1,1
FGFR3_WT_1,FGFR3_WT,4,1
FGFR3_WT_2,FGFR3_WT,4,1
FGFR3_WT_3,FGFR3_WT,4,1
FGFR3_WT_1,FGFR3_WT,6,1
FGFR3_WT_2,FGFR3_WT,6,1
FGFR3_WT_3,FGFR3_WT,6,1
FGFR3_WT_1,FGFR3_WT,7,1
FGFR3_WT_2,FGFR3_WT,7,1
FGFR3_WT_3,FGFR3_WT,7,1
FGFR3-TACC3_1,FGFR3-TACC3,1,4
FGFR3-TACC3_2,FGFR3-TACC3,1,4
FGFR3-TACC3_3,FGFR3-TACC3,1,4
FGFR3-TACC3_1,FGFR3-TACC3,6,4
FGFR3-TACC3_2,FGFR3-TACC3,6,4
FGFR3-TACC3_3,FGFR3-TACC3,6,4
FGFR3-TACC3_v2_1,FGFR3-TACC3_v2,1,4
FGFR3-TACC3_v2_2,FGFR3-TACC3_v2,1,4
FGFR3-TACC3_v2_3,FGFR3-TACC3_v2,1,4
FGFR3-TACC3_v2_1,FGFR3-TACC3_v2,6,4
FGFR3-TACC3_v2_2,FGFR3-TACC3_v2,6,4
FGFR3-TACC3_v2_3,FGFR3-TACC3_v2,6,4
FGFR4_p.A484V_1,FGFR4_p.A484V,1,1
FGFR4_p.A484V_2,FGFR4_p.A484V,1,1
FGFR4_p.A484V_3,FGFR4_p.A484V,1,1
FGFR4_p.A484V_1,FGFR4_p.A484V,2,1
FGFR4_p.A484V_2,FGFR4_p.A484V,2,1
FGFR4_p.A484V_3,FGFR4_p.A484V,2,2
FGFR4_p.A484V_1,FGFR4_p.A484V,5,2
FGFR4_p.A484V_2,FGFR4_p.A484V,5,1
FGFR4_p.A484V_3,FGFR4_p.A484V,5,1
FGFR4_p.A484V_1,FGFR4_p.A484V,6,1
FGFR4_p.A484V_2,FGFR4_p.A484V,6,1
FGFR4_p.A484V_3,FGFR4_p.A484V,6,1
FGFR4_p.A484V_1,FGFR4_p.A484V,7,1
FGFR4_p.A484V_2,FGFR4_p.A484V,7,1
FGFR4_p.A484V_3,FGFR4_p.A484V,7,1
FGFR4_p.A749V_1,FGFR4_p.A749V,1,1
FGFR4_p.A749V_2,FGFR4_p.A749V,1,1
FGFR4_p.A749V_3,FGFR4_p.A749V,1,1
FGFR4_p.A749V_2,FGFR4_p.A749V,2,3
FGFR4_p.A749V_1,FGFR4_p.A749V,5,2
FGFR4_p.A749V_2,FGFR4_p.A749V,5,1
FGFR4_p.A749V_3,FGFR4_p.A749V,5,2
FGFR4_p.A749V_1,FGFR4_p.A749V,6,1
FGFR4_p.A749V_2,FGFR4_p.A749V,6,1
FGFR4_p.A749V_3,FGFR4_p.A749V,6,1
FGFR4_p.A749V_1,FGFR4_p.A749V,7,3
FGFR4_p.A749V_2,FGFR4_p.A749V,7,3
FGFR4_p.A749V_3,FGFR4_p.A749V,7,3
FGFR4_p.C271*_1,FGFR4_p.C271*,1,1
FGFR4_p.C271*_2,FGFR4_p.C271*,1,1
FGFR4_p.C271*_3,FGFR4_p.C271*,1,1
FGFR4_p.C271*_1,FGFR4_p.C271*,2,1
FGFR4_p.C271*_2,FGFR4_p.C271*,2,1
FGFR4_p.C271*_3,FGFR4_p.C271*,2,1
FGFR4_p.C271*_1,FGFR4_p.C271*,5,1
FGFR4_p.C271*_2,FGFR4_p.C271*,5,1
FGFR4_p.C271*_3,FGFR4_p.C271*,5,1
FGFR4_p.C271*_1,FGFR4_p.C271*,6,1
FGFR4_p.C271*_2,FGFR4_p.C271*,6,1
FGFR4_p.C271*_3,FGFR4_p.C271*,6,1
FGFR4_p.C271*_1,FGFR4_p.C271*,7,1
FGFR4_p.C271*_2,FGFR4_p.C271*,7,1
FGFR4_p.C271*_3,FGFR4_p.C271*,7,1
FGFR4_p.E128K_1,FGFR4_p.E128K,1,1
FGFR4_p.E128K_2,FGFR4_p.E128K,1,1
FGFR4_p.E128K_3,FGFR4_p.E128K,1,1
FGFR4_p.E128K_1,FGFR4_p.E128K,2,2
FGFR4_p.E128K_2,FGFR4_p.E128K,2,2
FGFR4_p.E128K_3,FGFR4_p.E128K,2,2
FGFR4_p.E128K_1,FGFR4_p.E128K,5,1
FGFR4_p.E128K_2,FGFR4_p.E128K,5,2
FGFR4_p.E128K_3,FGFR4_p.E128K,5,2
FGFR4_p.E128K_1,FGFR4_p.E128K,6,1
FGFR4_p.E128K_2,FGFR4_p.E128K,6,1
FGFR4_p.E128K_3,FGFR4_p.E128K,6,1
FGFR4_p.E128K_1,FGFR4_p.E128K,7,3
FGFR4_p.E128K_2,FGFR4_p.E128K,7,3
FGFR4_p.E128K_3,FGFR4_p.E128K,7,3
FGFR4_p.E681K_1,FGFR4_p.E681K,1,1
FGFR4_p.E681K_2,FGFR4_p.E681K,1,1
FGFR4_p.E681K_3,FGFR4_p.E681K,1,1
FGFR4_p.E681K_1,FGFR4_p.E681K,2,3
FGFR4_p.E681K_2,FGFR4_p.E681K,2,1
FGFR4_p.E681K_3,FGFR4_p.E681K,2,1
FGFR4_p.E681K_1,FGFR4_p.E681K,5,2
FGFR4_p.E681K_2,FGFR4_p.E681K,5,1
FGFR4_p.E681K_3,FGFR4_p.E681K,5,1
FGFR4_p.E681K_1,FGFR4_p.E681K,6,1
FGFR4_p.E681K_2,FGFR4_p.E681K,6,2
FGFR4_p.E681K_3,FGFR4_p.E681K,6,1
FGFR4_p.E681K_1,FGFR4_p.E681K,7,1
FGFR4_p.E681K_2,FGFR4_p.E681K,7,1
FGFR4_p.E681K_3,FGFR4_p.E681K,7,1
FGFR4_p.G176C_1,FGFR4_p.G176C,1,1
FGFR4_p.G176C_2,FGFR4_p.G176C,1,1
FGFR4_p.G176C_3,FGFR4_p.G176C,1,1
FGFR4_p.G176C_1,FGFR4_p.G176C,2,3
FGFR4_p.G176C_2,FGFR4_p.G176C,2,1
FGFR4_p.G176C_3,FGFR4_p.G176C,2,2
FGFR4_p.G176C_1,FGFR4_p.G176C,5,1
FGFR4_p.G176C_2,FGFR4_p.G176C,5,1
FGFR4_p.G176C_3,FGFR4_p.G176C,5,1
FGFR4_p.G176C_1,FGFR4_p.G176C,6,1
FGFR4_p.G176C_2,FGFR4_p.G176C,6,1
FGFR4_p.G176C_3,FGFR4_p.G176C,6,1
FGFR4_p.G176C_1,FGFR4_p.G176C,7,2
FGFR4_p.G176C_2,FGFR4_p.G176C,7,2
FGFR4_p.G176C_3,FGFR4_p.G176C,7,2
FGFR4_p.G687fs*35_1,FGFR4_p.G687fs*35,1,1
FGFR4_p.G687fs*35_2,FGFR4_p.G687fs*35,1,1
FGFR4_p.G687fs*35_3,FGFR4_p.G687fs*35,1,1
FGFR4_p.G687fs*35_1,FGFR4_p.G687fs*35,2,1
FGFR4_p.G687fs*35_2,FGFR4_p.G687fs*35,2,1
FGFR4_p.G687fs*35_3,FGFR4_p.G687fs*35,2,1
FGFR4_p.G687fs*35_1,FGFR4_p.G687fs*35,5,1
FGFR4_p.G687fs*35_2,FGFR4_p.G687fs*35,5,2
FGFR4_p.G687fs*35_3,FGFR4_p.G687fs*35,5,2
FGFR4_p.G687fs*35_1,FGFR4_p.G687fs*35,6,1
FGFR4_p.G687fs*35_2,FGFR4_p.G687fs*35,6,1
FGFR4_p.G687fs*35_3,FGFR4_p.G687fs*35,6,1
FGFR4_p.G687fs*35_1,FGFR4_p.G687fs*35,7,1
FGFR4_p.G687fs*35_2,FGFR4_p.G687fs*35,7,1
FGFR4_p.G687fs*35_3,FGFR4_p.G687fs*35,7,1
FGFR4_p.N535K_1,FGFR4_p.N535K,1,4
FGFR4_p.N535K_2,FGFR4_p.N535K,1,4
FGFR4_p.N535K_3,FGFR4_p.N535K,1,4
FGFR4_p.N535K_1,FGFR4_p.N535K,2,4
FGFR4_p.N535K_2,FGFR4_p.N535K,2,4
FGFR4_p.N535K_3,FGFR4_p.N535K,2,4
FGFR4_p.N535K_1,FGFR4_p.N535K,5,4
FGFR4_p.N535K_2,FGFR4_p.N535K,5,4
FGFR4_p.N535K_3,FGFR4_p.N535K,5,4
FGFR4_p.N535K_1,FGFR4_p.N535K,6,4
FGFR4_p.N535K_2,FGFR4_p.N535K,6,4
FGFR4_p.N535K_3,FGFR4_p.N535K,6,4
FGFR4_p.N535K_1,FGFR4_p.N535K,7,4
FGFR4_p.N535K_2,FGFR4_p.N535K,7,4
FGFR4_p.N535K_3,FGFR4_p.N535K,7,4
FGFR4_p.R134G_1,FGFR4_p.R134G,1,1
FGFR4_p.R134G_2,FGFR4_p.R134G,1,1
FGFR4_p.R134G_3,FGFR4_p.R134G,1,1
FGFR4_p.R134G_1,FGFR4_p.R134G,2,2
FGFR4_p.R134G_2,FGFR4_p.R134G,2,2
FGFR4_p.R134G_3,FGFR4_p.R134G,2,2
FGFR4_p.R134G_1,FGFR4_p.R134G,5,1
FGFR4_p.R134G_2,FGFR4_p.R134G,5,1
FGFR4_p.R134G_3,FGFR4_p.R134G,5,1
FGFR4_p.R134G_1,FGFR4_p.R134G,6,1
FGFR4_p.R134G_2,FGFR4_p.R134G,6,1
FGFR4_p.R134G_3,FGFR4_p.R134G,6,1
FGFR4_p.R134G_1,FGFR4_p.R134G,7,3
FGFR4_p.R134G_2,FGFR4_p.R134G,7,3
FGFR4_p.R134G_3,FGFR4_p.R134G,7,3
FGFR4_p.R154H_1,FGFR4_p.R154H,1,1
FGFR4_p.R154H_2,FGFR4_p.R154H,1,1
FGFR4_p.R154H_3,FGFR4_p.R154H,1,1
FGFR4_p.R154H_1,FGFR4_p.R154H,2,2
FGFR4_p.R154H_2,FGFR4_p.R154H,2,2
FGFR4_p.R154H_3,FGFR4_p.R154H,2,2
FGFR4_p.R154H_1,FGFR4_p.R154H,5,1
FGFR4_p.R154H_2,FGFR4_p.R154H,5,1
FGFR4_p.R154H_3,FGFR4_p.R154H,5,1
FGFR4_p.R154H_1,FGFR4_p.R154H,6,1
FGFR4_p.R154H_2,FGFR4_p.R154H,6,1
FGFR4_p.R154H_3,FGFR4_p.R154H,6,1
FGFR4_p.R154H_1,FGFR4_p.R154H,7,3
FGFR4_p.R154H_2,FGFR4_p.R154H,7,3
FGFR4_p.R154H_3,FGFR4_p.R154H,7,3
FGFR4_p.R203C_1,FGFR4_p.R203C,1,1
FGFR4_p.R203C_2,FGFR4_p.R203C,1,1
FGFR4_p.R203C_3,FGFR4_p.R203C,1,1
FGFR4_p.R203C_1,FGFR4_p.R203C,2,2
FGFR4_p.R203C_2,FGFR4_p.R203C,2,2
FGFR4_p.R203C_3,FGFR4_p.R203C,2,2
FGFR4_p.R203C_1,FGFR4_p.R203C,5,2
FGFR4_p.R203C_2,FGFR4_p.R203C,5,1
FGFR4_p.R203C_3,FGFR4_p.R203C,5,2
FGFR4_p.R203C_1,FGFR4_p.R203C,6,1
FGFR4_p.R203C_2,FGFR4_p.R203C,6,1
FGFR4_p.R203C_3,FGFR4_p.R203C,6,1
FGFR4_p.R203C_1,FGFR4_p.R203C,7,3
FGFR4_p.R203C_2,FGFR4_p.R203C,7,3
FGFR4_p.R203C_3,FGFR4_p.R203C,7,3
FGFR4_p.R321W_1,FGFR4_p.R321W,1,1
FGFR4_p.R321W_2,FGFR4_p.R321W,1,1
FGFR4_p.R321W_3,FGFR4_p.R321W,1,1
FGFR4_p.R321W_1,FGFR4_p.R321W,2,2
FGFR4_p.R321W_2,FGFR4_p.R321W,2,2
FGFR4_p.R321W_3,FGFR4_p.R321W,2,1
FGFR4_p.R321W_1,FGFR4_p.R321W,5,1
FGFR4_p.R321W_2,FGFR4_p.R321W,5,1
FGFR4_p.R321W_3,FGFR4_p.R321W,5,1
FGFR4_p.R321W_1,FGFR4_p.R321W,6,1
FGFR4_p.R321W_2,FGFR4_p.R321W,6,1
FGFR4_p.R321W_3,FGFR4_p.R321W,6,1
FGFR4_p.R321W_1,FGFR4_p.R321W,7,3
FGFR4_p.R321W_2,FGFR4_p.R321W,7,3
FGFR4_p.R321W_3,FGFR4_p.R321W,7,3
FGFR4_p.R411fs*81_1,FGFR4_p.R411fs*81,1,1
FGFR4_p.R411fs*81_2,FGFR4_p.R411fs*81,1,1
FGFR4_p.R411fs*81_3,FGFR4_p.R411fs*81,1,1
FGFR4_p.R411fs*81_1,FGFR4_p.R411fs*81,2,1
FGFR4_p.R411fs*81_2,FGFR4_p.R411fs*81,2,1
FGFR4_p.R411fs*81_3,FGFR4_p.R411fs*81,2,1
FGFR4_p.R411fs*81_1,FGFR4_p.R411fs*81,5,1
FGFR4_p.R411fs*81_2,FGFR4_p.R411fs*81,5,1
FGFR4_p.R411fs*81_3,FGFR4_p.R411fs*81,5,1
FGFR4_p.R411fs*81_1,FGFR4_p.R411fs*81,6,1
FGFR4_p.R411fs*81_2,FGFR4_p.R411fs*81,6,1
FGFR4_p.R411fs*81_3,FGFR4_p.R411fs*81,6,1
FGFR4_p.R411fs*81_1,FGFR4_p.R411fs*81,7,1
FGFR4_p.R411fs*81_2,FGFR4_p.R411fs*81,7,1
FGFR4_p.R411fs*81_3,FGFR4_p.R411fs*81,7,1
FGFR4_p.R434Q_1,FGFR4_p.R434Q,1,1
FGFR4_p.R434Q_2,FGFR4_p.R434Q,1,1
FGFR4_p.R434Q_3,FGFR4_p.R434Q,1,2
FGFR4_p.R434Q_1,FGFR4_p.R434Q,2,2
FGFR4_p.R434Q_2,FGFR4_p.R434Q,2,3
FGFR4_p.R434Q_3,FGFR4_p.R434Q,2,3
FGFR4_p.R434Q_1,FGFR4_p.R434Q,5,2
FGFR4_p.R434Q_2,FGFR4_p.R434Q,5,2
FGFR4_p.R434Q_3,FGFR4_p.R434Q,5,2
FGFR4_p.R434Q_1,FGFR4_p.R434Q,6,1
FGFR4_p.R434Q_2,FGFR4_p.R434Q,6,1
FGFR4_p.R434Q_3,FGFR4_p.R434Q,6,1
FGFR4_p.R434Q_1,FGFR4_p.R434Q,7,3
FGFR4_p.R434Q_2,FGFR4_p.R434Q,7,3
FGFR4_p.R434Q_3,FGFR4_p.R434Q,7,3
FGFR4_p.R464W_1,FGFR4_p.R464W,1,1
FGFR4_p.R464W_2,FGFR4_p.R464W,1,1
FGFR4_p.R464W_3,FGFR4_p.R464W,1,1
FGFR4_p.R464W_1,FGFR4_p.R464W,2,1
FGFR4_p.R464W_2,FGFR4_p.R464W,2,1
FGFR4_p.R464W_3,FGFR4_p.R464W,2,1
FGFR4_p.R464W_1,FGFR4_p.R464W,5,1
FGFR4_p.R464W_2,FGFR4_p.R464W,5,1
FGFR4_p.R464W_3,FGFR4_p.R464W,5,1
FGFR4_p.R464W_1,FGFR4_p.R464W,6,1
FGFR4_p.R464W_2,FGFR4_p.R464W,6,1
FGFR4_p.R464W_3,FGFR4_p.R464W,6,1
FGFR4_p.R464W_1,FGFR4_p.R464W,7,1
FGFR4_p.R464W_2,FGFR4_p.R464W,7,1
FGFR4_p.R464W_3,FGFR4_p.R464W,7,1
FGFR4_p.R493Q_1,FGFR4_p.R493Q,1,1
FGFR4_p.R493Q_2,FGFR4_p.R493Q,1,1
FGFR4_p.R493Q_3,FGFR4_p.R493Q,1,1
FGFR4_p.R493Q_1,FGFR4_p.R493Q,2,3
FGFR4_p.R493Q_2,FGFR4_p.R493Q,2,2
FGFR4_p.R493Q_3,FGFR4_p.R493Q,2,3
FGFR4_p.R493Q_1,FGFR4_p.R493Q,5,1
FGFR4_p.R493Q_2,FGFR4_p.R493Q,5,1
FGFR4_p.R493Q_3,FGFR4_p.R493Q,5,1
FGFR4_p.R493Q_1,FGFR4_p.R493Q,6,1
FGFR4_p.R493Q_2,FGFR4_p.R493Q,6,1
FGFR4_p.R493Q_3,FGFR4_p.R493Q,6,1
FGFR4_p.R493Q_1,FGFR4_p.R493Q,7,3
FGFR4_p.R493Q_2,FGFR4_p.R493Q,7,3
FGFR4_p.R493Q_3,FGFR4_p.R493Q,7,3
FGFR4_p.R59W_1,FGFR4_p.R59W,1,2
FGFR4_p.R59W_2,FGFR4_p.R59W,1,1
FGFR4_p.R59W_3,FGFR4_p.R59W,1,1
FGFR4_p.R59W_1,FGFR4_p.R59W,2,3
FGFR4_p.R59W_2,FGFR4_p.R59W,2,2
FGFR4_p.R59W_3,FGFR4_p.R59W,2,2
FGFR4_p.R59W_1,FGFR4_p.R59W,5,1
FGFR4_p.R59W_2,FGFR4_p.R59W,5,2
FGFR4_p.R59W_3,FGFR4_p.R59W,5,2
FGFR4_p.R59W_1,FGFR4_p.R59W,6,1
FGFR4_p.R59W_2,FGFR4_p.R59W,6,1
FGFR4_p.R59W_3,FGFR4_p.R59W,6,1
FGFR4_p.R59W_1,FGFR4_p.R59W,7,3
FGFR4_p.R59W_2,FGFR4_p.R59W,7,3
FGFR4_p.R59W_3,FGFR4_p.R59W,7,3
FGFR4_p.R635S_1,FGFR4_p.R635S,1,1
FGFR4_p.R635S_2,FGFR4_p.R635S,1,1
FGFR4_p.R635S_3,FGFR4_p.R635S,1,1
FGFR4_p.R635S_1,FGFR4_p.R635S,2,1
FGFR4_p.R635S_2,FGFR4_p.R635S,2,1
FGFR4_p.R635S_3,FGFR4_p.R635S,2,2
FGFR4_p.R635S_1,FGFR4_p.R635S,5,2
FGFR4_p.R635S_2,FGFR4_p.R635S,5,1
FGFR4_p.R635S_3,FGFR4_p.R635S,5,1
FGFR4_p.R635S_1,FGFR4_p.R635S,6,1
FGFR4_p.R635S_2,FGFR4_p.R635S,6,1
FGFR4_p.R635S_3,FGFR4_p.R635S,6,1
FGFR4_p.R635S_1,FGFR4_p.R635S,7,1
FGFR4_p.R635S_2,FGFR4_p.R635S,7,1
FGFR4_p.R635S_3,FGFR4_p.R635S,7,1
FGFR4_p.R707W_1,FGFR4_p.R707W,1,1
FGFR4_p.R707W_2,FGFR4_p.R707W,1,1
FGFR4_p.R707W_3,FGFR4_p.R707W,1,1
FGFR4_p.R707W_1,FGFR4_p.R707W,2,1
FGFR4_p.R707W_2,FGFR4_p.R707W,2,1
FGFR4_p.R707W_3,FGFR4_p.R707W,2,1
FGFR4_p.R707W_1,FGFR4_p.R707W,5,1
FGFR4_p.R707W_2,FGFR4_p.R707W,5,1
FGFR4_p.R707W_3,FGFR4_p.R707W,5,1
FGFR4_p.R707W_1,FGFR4_p.R707W,6,1
FGFR4_p.R707W_2,FGFR4_p.R707W,6,1
FGFR4_p.R707W_3,FGFR4_p.R707W,6,1
FGFR4_p.R707W_1,FGFR4_p.R707W,7,1
FGFR4_p.R707W_2,FGFR4_p.R707W,7,1
FGFR4_p.R707W_3,FGFR4_p.R707W,7,1
FGFR4_p.R80W_1,FGFR4_p.R80W,1,1
FGFR4_p.R80W_2,FGFR4_p.R80W,1,1
FGFR4_p.R80W_3,FGFR4_p.R80W,1,1
FGFR4_p.R80W_1,FGFR4_p.R80W,2,2
FGFR4_p.R80W_2,FGFR4_p.R80W,2,2
FGFR4_p.R80W_3,FGFR4_p.R80W,2,2
FGFR4_p.R80W_1,FGFR4_p.R80W,5,2
FGFR4_p.R80W_2,FGFR4_p.R80W,5,2
FGFR4_p.R80W_3,FGFR4_p.R80W,5,2
FGFR4_p.R80W_1,FGFR4_p.R80W,6,1
FGFR4_p.R80W_2,FGFR4_p.R80W,6,1
FGFR4_p.R80W_3,FGFR4_p.R80W,6,1
FGFR4_p.R80W_1,FGFR4_p.R80W,7,2
FGFR4_p.R80W_2,FGFR4_p.R80W,7,2
FGFR4_p.R80W_3,FGFR4_p.R80W,7,3
FGFR4_p.S342F_1,FGFR4_p.S342F,1,2
FGFR4_p.S342F_2,FGFR4_p.S342F,1,2
FGFR4_p.S342F_3,FGFR4_p.S342F,1,2
FGFR4_p.S342F_1,FGFR4_p.S342F,2,3
FGFR4_p.S342F_2,FGFR4_p.S342F,2,2
FGFR4_p.S342F_3,FGFR4_p.S342F,2,3
FGFR4_p.S342F_1,FGFR4_p.S342F,5,1
FGFR4_p.S342F_2,FGFR4_p.S342F,5,2
FGFR4_p.S342F_3,FGFR4_p.S342F,5,1
FGFR4_p.S342F_1,FGFR4_p.S342F,6,1
FGFR4_p.S342F_2,FGFR4_p.S342F,6,1
FGFR4_p.S342F_3,FGFR4_p.S342F,6,2
FGFR4_p.S342F_1,FGFR4_p.S342F,7,3
FGFR4_p.S342F_2,FGFR4_p.S342F,7,3
FGFR4_p.S342F_3,FGFR4_p.S342F,7,3
FGFR4_p.V548M_1,FGFR4_p.V548M,1,2
FGFR4_p.V548M_2,FGFR4_p.V548M,1,2
FGFR4_p.V548M_3,FGFR4_p.V548M,1,2
FGFR4_p.V548M_1,FGFR4_p.V548M,2,3
FGFR4_p.V548M_2,FGFR4_p.V548M,2,3
FGFR4_p.V548M_3,FGFR4_p.V548M,2,3
FGFR4_p.V548M_1,FGFR4_p.V548M,5,2
FGFR4_p.V548M_2,FGFR4_p.V548M,5,1
FGFR4_p.V548M_3,FGFR4_p.V548M,5,2
FGFR4_p.V548M_1,FGFR4_p.V548M,6,3
FGFR4_p.V548M_2,FGFR4_p.V548M,6,1
FGFR4_p.V548M_3,FGFR4_p.V548M,6,1
FGFR4_p.V548M_1,FGFR4_p.V548M,7,3
FGFR4_p.V548M_2,FGFR4_p.V548M,7,3
FGFR4_p.V548M_3,FGFR4_p.V548M,7,3
FGFR4_p.V550L_1,FGFR4_p.V550L,1,3
FGFR4_p.V550L_2,FGFR4_p.V550L,1,3
FGFR4_p.V550L_3,FGFR4_p.V550L,1,3
FGFR4_p.V550L_1,FGFR4_p.V550L,2,4
FGFR4_p.V550L_2,FGFR4_p.V550L,2,4
FGFR4_p.V550L_3,FGFR4_p.V550L,2,4
FGFR4_p.V550L_1,FGFR4_p.V550L,5,4
FGFR4_p.V550L_2,FGFR4_p.V550L,5,4
FGFR4_p.V550L_3,FGFR4_p.V550L,5,4
FGFR4_p.V550L_1,FGFR4_p.V550L,6,4
FGFR4_p.V550L_2,FGFR4_p.V550L,6,3
FGFR4_p.V550L_3,FGFR4_p.V550L,6,3
FGFR4_p.V550L_1,FGFR4_p.V550L,7,4
FGFR4_p.V550L_2,FGFR4_p.V550L,7,4
FGFR4_p.V550L_3,FGFR4_p.V550L,7,4
FGFR4_p.V550L__2_1,FGFR4_p.V550L__2,1,3
FGFR4_p.V550L__2_2,FGFR4_p.V550L__2,1,3
FGFR4_p.V550L__2_3,FGFR4_p.V550L__2,1,3
FGFR4_p.V550L__2_1,FGFR4_p.V550L__2,2,4
FGFR4_p.V550L__2_2,FGFR4_p.V550L__2,2,4
FGFR4_p.V550L__2_3,FGFR4_p.V550L__2,2,4
FGFR4_p.V550L__2_1,FGFR4_p.V550L__2,5,4
FGFR4_p.V550L__2_2,FGFR4_p.V550L__2,5,4
FGFR4_p.V550L__2_3,FGFR4_p.V550L__2,5,4
FGFR4_p.V550L__2_1,FGFR4_p.V550L__2,6,3
FGFR4_p.V550L__2_2,FGFR4_p.V550L__2,6,3
FGFR4_p.V550L__2_3,FGFR4_p.V550L__2,6,3
FGFR4_p.V550L__2_1,FGFR4_p.V550L__2,7,4
FGFR4_p.V550L__2_2,FGFR4_p.V550L__2,7,4
FGFR4_p.V550L__2_3,FGFR4_p.V550L__2,7,4
FGFR4_WT_1,FGFR4_WT,1,3
FGFR4_WT_2,FGFR4_WT,1,3
FGFR4_WT_3,FGFR4_WT,1,2
FGFR4_WT_1,FGFR4_WT,2,2
FGFR4_WT_2,FGFR4_WT,2,2
FGFR4_WT_3,FGFR4_WT,2,2
FGFR4_WT_1,FGFR4_WT,5,2
FGFR4_WT_2,FGFR4_WT,5,2
FGFR4_WT_3,FGFR4_WT,5,2
FGFR4_WT_1,FGFR4_WT,6,2
FGFR4_WT_2,FGFR4_WT,6,2
FGFR4_WT_3,FGFR4_WT,6,1
FGFR4_WT_1,FGFR4_WT,7,3
FGFR4_WT_2,FGFR4_WT,7,3
FGFR4_WT_3,FGFR4_WT,7,3
KLK2-FGFR2_1,KLK2-FGFR2,1,3
KLK2-FGFR2_2,KLK2-FGFR2,1,3
KLK2-FGFR2_3,KLK2-FGFR2,1,3
KLK2-FGFR2_1,KLK2-FGFR2,5,3
KLK2-FGFR2_2,KLK2-FGFR2,5,3
KLK2-FGFR2_3,KLK2-FGFR2,5,3
KLK2-FGFR2_1,KLK2-FGFR2,6,3
KLK2-FGFR2_2,KLK2-FGFR2,6,3
KLK2-FGFR2_3,KLK2-FGFR2,6,3